Ring;Year;Sex;Treatment;Nest;Date.1;Date.2;days_resample;Age.1;Age.2;avg_age;Weight.1;Weight.2;Wing.1;Wing.2;growth_rate;body_condition.1;body_condition.2;delta_body_condition;Lprev.1;Lprev.2;Lbinom.1;Lbinom.2
3121001;2020;Female;Malarone;1374;17/05/2020;23/05/2020;6;18.5674781;24.57990115;21.57368963;620;890;12.5;18.6;45;26.67367543;171.6557354;144.9820599;1;1;1;1
3121002;2020;Male;Water;1374;17/05/2020;23/05/2020;6;20.10080641;25.32421604;22.71251122;560;770;13.2;18.5;35;21.88079047;143.6504788;121.7696883;1;4;1;1
3121003;2020;Male;Malarone;1914;17/05/2020;23/05/2020;6;17.99716991;23.67104753;20.83410872;500;650;11.1;16.9;25;7.170795589;47.2942849;40.12348931;0;1;0;1
3121004;2020;Female;Water;1914;17/05/2020;23/05/2020;6;20.1112178;25.45827068;22.78474424;640;780;14.1;19.4;23.33333333;8.785698449;48.40899441;39.62329596;2;1;1;0
3121005;2020;Female;Control;1914;17/05/2020;23/05/2020;6;19.53774373;25.01461042;22.27617708;600;820;13.5;19;36.66666667;-17.53546766;94.96264004;112.4981077;0;1;0;1
3121006;2020;Female;Malarone;1156;22/05/2020;29/05/2020;7;15.11913839;22.62008692;18.86961266;470;670;9.3;16.7;28.57142857;-30.30538375;-14.44913537;15.85624838;0;0;0;0
3121007;2020;Female;Water;1156;22/05/2020;29/05/2020;7;13.71458634;21.16060379;17.43759507;355;620;8.2;15.2;37.85714286;-105.7080389;-34.84451842;70.86352048;0;3;0;1
3121008;2020;Female;Control;2165B;22/05/2020;29/05/2020;7;15.47757183;22.32358989;18.90058086;490;695;9.6;16.4;29.28571429;-20.29236898;16.2530802;36.54544918;0;2;0;1
3121009;2020;Female;Control;2165B;22/05/2020;29/05/2020;7;14.6256982;21.35246986;17.98908403;460;710;8.9;15.4;35.71428571;-26.47618484;51.04348038;77.51966523;0;0;0;0
3121010;2020;Female;Control;2165B;22/05/2020;29/05/2020;7;12.13982505;19.72932981;15.93457743;375;580;7.1;13.7;29.28571429;-40.39849431;-42.16148651;-1.7629922;0;0;0;0
3121011;2020;Male;Malarone;2364C;22/05/2020;29/05/2020;7;19.12214918;25.75676563;22.43945741;500;665;12.2;18.9;23.57142857;-17.52735337;33.0592196;50.58657297;0;0;0;0
3121012;2020;Female;Water;2364C;22/05/2020;29/05/2020;7;15.23968106;21.6414955;18.44058828;460;595;9.4;15.7;19.28571429;-43.66973253;-70.02545922;-26.35572669;0;0;0;0
3121013;2020;Male;Control;2364C;22/05/2020;29/05/2020;7;12.52730259;18.1022541;15.31477835;260;300;6.8;11.2;5.714285714;-104.7464382;-195.1734479;-90.42700969;0;2;0;1
3121014;2020;Female;Malarone;2.26E+04;23/05/2020;30/05/2020;7;17.86867029;24.47256351;21.1706169;550;830;11.8;18.5;40;-25.19830266;113.3515002;138.5498028;2;0;1;0
3121015;2020;Male;Control;2.26E+04;23/05/2020;30/05/2020;7;18.51651909;24.0740352;21.29527715;530;800;11.6;17.3;38.57142857;25.65433376;191.1798213;165.5254875;0;0;0;0
3121018;2020;Male;Water;1427;24/05/2020;31/05/2020;7;27.57973541;35.63290422;31.60631981;800;850;20.5;26.3;7.142857143;146.8185923;131.6969708;-15.12162144;1;0;1;0
3121019;2020;Male;Malarone;1427;24/05/2020;31/05/2020;7;29.18221909;36.11018232;32.6462007;820;870;21.8;26.6;7.142857143;150.747535;148.7323107;-2.015224322;2;0;1;0
3121027;2020;Male;Water;2347C;29/05/2020;04/06/2020;6;19.22152605;23.37259065;21.29705835;480;395;12.3;16.6;-14.16666667;-39.66109094;-203.024132;-163.3630411;4;4;1;1
3121028;2020;Female;Malarone;2347C;29/05/2020;04/06/2020;6;19.72932981;25.12466743;22.42699862;580;710;13.7;19.1;21.66666667;-42.16148651;-16.68861631;25.4728702;4;3;1;1
3121040;2020;Male;Water;1817;05/06/2020;13/06/2020;8;21.91652432;29.18221909;25.5493717;565;790;15.1;21.8;28.125;-8.269235053;120.747535;129.0167701;3;3;1;1
3121041;2020;Female;Malarone;1817;05/06/2020;13/06/2020;8;22.62008692;31.88889109;27.25448901;725;900;16.7;24.4;21.875;40.55086463;96.27639166;55.72552704;3;2;1;1
3121042;2020;Female;Control;1817;05/06/2020;13/06/2020;8;23.12106062;31.88889109;27.50497585;710;870;17.2;24.4;20;16.27102907;66.27639166;50.00536259;0;2;0;1
3121045;2020;Female;Water;681;06/06/2020;13/06/2020;7;22.52093812;29.77788503;26.14941157;700;880;16.6;22.9;25.71428571;17.44014125;96.23426435;78.7941231;4;0;1;0
3121051;2020;Male;Water;342;23/05/2020;29/05/2020;6;20.29337956;26.19814287;23.24576121;555;750;13.4;19.3;32.5;12.95016902;112.5850635;99.63489447;0;1;0;1
3121052;2020;Female;Control;342;23/05/2020;29/05/2020;6;18.86131872;25.23529163;22.04830518;540;810;12.8;19.2;45;-60.78668085;81.66875013;142.455431;0;0;0;0
3121053;2020;Female;Malarone;342;23/05/2020;29/05/2020;6;20.39706306;26.72808288;23.56257297;595;830;14.4;20.5;39.16666667;-42.836938;81.06023867;123.8971767;0;0;0;0
3121054;2020;Female;Malarone;585;23/05/2020;29/05/2020;6;23.22238267;29.50838869;26.36538568;705;870;17.3;22.7;27.5;9.447466794;88.99361198;79.54614519;3;0;1;0
3121055;2020;Female;Water;585;23/05/2020;29/05/2020;6;21.16060379;26.49154533;23.82607456;600;800;15.2;20.3;33.33333333;-54.84451842;54.14422035;108.9887388;0;1;0;1
3121056;2020;Male;Control;585;23/05/2020;29/05/2020;6;19.90738809;24.27789613;22.09264211;430;520;13;17.5;15;-104.1285763;-91.82459571;12.30398058;2;1;1;1
3121057;2020;Male;Water;778E;23/05/2020;29/05/2020;6;21.53458059;27.1092284;24.3219045;690;770;14.7;20.1;13.33333333;123.7481368;121.9691313;-1.779005424;0;2;0;1
3121058;2020;Female;Malarone;778E;23/05/2020;29/05/2020;6;17.35505589;23.12106062;20.23805825;510;840;11.3;17.2;55;-51.57870305;146.2710291;197.8497321;2;2;1;1
3121061;2020;Male;Malarone;2239A;23/05/2020;30/05/2020;7;19.02236155;25.21739757;22.11987956;450;680;12.1;18.4;32.85714286;-65.37605398;55.06718361;120.4432376;0;1;0;1
3121062;2020;Female;Water;2239A;23/05/2020;30/05/2020;7;15.71137764;22.02975194;18.87056479;510;770;9.8;16.1;37.14285714;-6.778446438;97.06057338;103.8390198;2;0;1;0
3121063;2020;Male;Malarone;1541;23/05/2020;30/05/2020;7;18.1022541;24.48345077;21.29285243;560;735;11.2;17.7;25;64.82655207;120.2051291;55.37857707;1;1;1;1
3121064;2020;Female;Water;1541;23/05/2020;30/05/2020;7;15.71137764;22.91957811;19.31547788;505;780;9.8;17;39.28571429;-11.77844644;89.95017759;101.728624;0;0;0;0
3121066;2020;Female;Water;2235B;23/05/2020;30/05/2020;7;20.30180134;27.33091006;23.8163557;705;830;14.3;21;17.85714286;69.3551518;73.4800258;4.124874003;0;1;0;1
3121067;2020;Male;Control;2235B;23/05/2020;30/05/2020;7;23.87178204;31.17701834;27.52440019;700;760;17.1;23.3;8.571428571;94.21917413;73.35433035;-20.86484378;0;1;0;1
3121068;2020;Female;Malarone;2235B;23/05/2020;30/05/2020;7;23.02012951;29.64278312;26.33145632;765;880;17.1;22.8;16.42857143;73.10522443;97.61091256;24.50568813;0;1;0;1
3121069;2020;Male;Control;1168;23/05/2020;27/05/2020;4;21.62994996;22.97907634;22.30451315;660;590;14.8;16.2;-17.5;91.97605268;-1.648659868;-93.62471254;0;2;0;1
3121070;2020;Male;Control;1168;23/05/2020;27/05/2020;4;20.7720929;24.38045648;22.57627469;555;695;13.9;17.6;35;3.374687997;81.68604755;78.31135955;1;2;1;1
3121071;2020;Male;Control;1168;23/05/2020;27/05/2020;4;16.79295766;21.43926252;19.11611009;360;620;10;14.6;65;-105.5514375;55.53231706;161.0837545;0;1;0;1
3121072;2020;Female;Malarone;2331C;24/05/2020;30/05/2020;6;14.37183764;20.58760999;17.47972382;505;710;8.7;14.6;34.16666667;25.67329591;67.82418477;42.15088886;0;0;0;0
3121073;2020;Male;Water;2331C;24/05/2020;30/05/2020;6;14.43068851;20.7720929;17.6013907;425;630;8.1;13.9;34.16666667;14.52712074;78.374688;63.84756726;0;0;0;0
3121074;2020;Male;Control;2331C;24/05/2020;30/05/2020;6;11.37880341;17.67790726;14.52835534;340;490;6.1;10.8;25;3.648427236;4.332377827;0.68395059;0;0;0;0
3121075;2020;Male;Water;1611;24/05/2020;30/05/2020;6;15.84914811;22.01225633;18.93070222;450;600;9.2;15.2;25;6.242964217;25.00546891;18.76250469;0;1;0;1
3121076;2020;Male;Malarone;1611;24/05/2020;30/05/2020;6;17.46148946;22.58987466;20.02568206;615;740;10.6;15.8;20.83333333;134.2181537;154.8862155;20.66806178;1;2;1;1
3121077;2020;Male;Water;2.26E+04;24/05/2020;29/05/2020;5;18.41381842;23.57122108;20.99251975;545;670;11.5;16.8;25;42.91739033;68.84551438;25.92812405;0;0;0;0
3121078;2020;Male;Malarone;2.26E+04;24/05/2020;29/05/2020;5;16.4466249;22.10811737;19.27737113;485;625;9.7;15.3;28;27.41003282;48.29148638;20.88145355;0;0;0;0
3121079;2020;Male;Malarone;2.26E+04;24/05/2020;30/05/2020;6;20.7720929;25.75676563;23.26442927;625;820;13.9;18.9;32.5;73.374688;188.0592196;114.6845316;0;1;0;1
3121080;2020;Female;Water;2.26E+04;24/05/2020;30/05/2020;6;18.36987352;22.52093812;20.44540582;650;850;12.3;16.6;33.33333333;61.74739208;167.4401413;105.6927492;1;1;1;1
3121081;2020;Male;Control;1230E;24/05/2020;30/05/2020;6;14.43068851;20.10080641;17.26574746;390;620;8.1;13.2;38.33333333;-20.47287926;81.88079047;102.3536697;NA;0;NA;0
3121082;2020;Male;Control;1230E;24/05/2020;30/05/2020;6;12.52730259;19.71297125;16.12013692;325;560;6.8;12.8;39.16666667;-39.74643824;29.92392969;69.67036793;0;1;0;1
3121083;2020;Female;Control;1230E;24/05/2020;30/05/2020;6;8.514726834;13.02220701;10.76846692;200;340;5;7.7;23.33333333;-105.0946021;-100.9176387;4.176963411;0;0;0;0
3121088;2020;Female;Water;1103E;24/05/2020;30/05/2020;6;11.19503393;18.0704896;14.63276177;355;580;6.5;12;37.5;-32.62485287;-0.485210513;32.13964236;0;0;0;0
3121089;2020;Female;Malarone;1103E;24/05/2020;30/05/2020;6;13.1636669;19.15255987;16.15811339;435;690;7.8;13.1;42.5;-9.976580358;81.9258053;91.90238566;0;0;0;0
3121091;2020;Female;Malarone;2259A;29/05/2020;06/06/2020;8;24.36574504;30.7433887;27.55456687;790;920;18.4;23.6;16.25;75.05645618;126.7628164;51.70636027;3;1;1;1
3121092;2020;Male;Malarone;2259A;29/05/2020;06/06/2020;8;25.64782028;33.77882856;29.71332442;690;730;18.8;25.1;5;59.44586158;23.90376791;-35.54209366;2;2;1;1
3121093;2020;Female;Water;2259A;29/05/2020;06/06/2020;8;23.02012951;29.77788503;26.39900727;665;750;17.1;22.9;10.625;-26.89477557;-33.76573565;-6.870960074;4;3;1;1
3121094;2020;Male;Control;2259A;29/05/2020;06/06/2020;8;19.32051298;25.75676563;22.53863931;435;510;12.4;18.9;9.375;-86.77755109;-121.9407804;-35.16322932;4;4;1;1
3121096;2020;Female;Malarone;2265E;29/05/2020;06/06/2020;8;21.25646484;28.84701244;25.05173864;725;770;15.3;22.2;5.625;68.09276198;-4.00022731;-72.09298929;3;1;1;1
3121097;2020;Female;Water;2265E;29/05/2020;06/06/2020;8;21.35246986;29.24172098;25.29709542;705;810;15.4;22.5;13.125;46.04348038;31.77737893;-14.26610145;4;3;1;1
3121098;2020;Male;Control;2265E;29/05/2020;06/06/2020;8;18.61867989;25.75676563;22.18772276;510;630;11.7;18.9;15;3.410702818;-1.940780405;-5.351483223;0;1;0;1
3121101;2020;Female;Malarone;1102E;29/05/2020;06/06/2020;8;22.42210991;30.46400219;26.44305605;860;980;16.5;23.4;15;179.3408335;189.4399697;10.09913621;4;2;1;1
3121102;2020;Female;Water;1102E;29/05/2020;06/06/2020;8;21.44863364;29.24172098;25.34517731;795;940;15.5;22.5;18.125;134.0074628;161.7773789;27.76991609;1;3;1;1
3121103;2020;Male;Control;1102E;29/05/2020;06/06/2020;8;19.12214918;25.97631996;22.54923457;570;720;12.2;19.1;18.75;52.47264663;85.30781103;32.8351644;3;3;1;1
3121108;2020;Female;Water;2016E;29/05/2020;06/06/2020;8;21.6414955;30.18743528;25.91446539;765;960;15.7;23.2;24.375;99.97454078;172.1401031;72.16556237;2;3;1;1
3121109;2020;Male;Malarone;2016E;29/05/2020;06/06/2020;8;21.15345387;28.42837463;24.79091425;615;790;14.3;21.2;21.875;55.95911546;128.0423731;72.08325766;3;2;1;1
3121121;2020;Male;Water;273;30/05/2020;06/06/2020;7;12.68381243;20.10080641;16.39230942;390;650;6.9;13.2;37.14285714;21.43770713;111.8807905;90.44308333;3;2;1;1
3121122;2020;Female;Malarone;273;30/05/2020;06/06/2020;7;16.39033598;23.22238267;19.80635933;540;860;10.4;17.3;45.71428571;4.52910777;164.4474668;159.918359;1;1;1;1
3121136;2020;Male;Malarone;2048E;31/05/2020;12/06/2020;12;23.07701799;34.69453752;28.88577776;655;790;16.3;25.7;11.25;61.74283413;77.729117;15.98628286;1;1;1;1
3121138;2020;Male;Water;1860;06/06/2020;13/06/2020;7;22.68681712;28.30513045;25.49597378;530;645;15.9;21.1;16.42857143;-56.76288397;-15.72177872;41.04110525;NA;3;NA;1
3121141;2020;Male;Water;2263A;06/06/2020;13/06/2020;7;19.81031419;26.30992321;23.0601187;600;685;12.9;19.4;12.14285714;67.88982293;46.23425221;-21.65557071;0;3;0;1
3121142;2020;Male;Malarone;2263A;06/06/2020;13/06/2020;7;17.13102133;22.97907634;20.05504883;495;665;10.3;16.2;24.28571429;21.7224414;73.35134013;51.62889873;4;2;1;1
3121198;2020;Female;Control;1861;17/06/2020;21/06/2020;4;32.62716597;37.88568889;35.25642743;725;800;24.9;28.2;18.75;-85.10442777;-49.25318244;35.85124533;3;3;1;1
3121199;2020;Female;Control;1861;17/06/2020;21/06/2020;4;34.78125169;39.2430009;37.0121263;910;970;26.3;29;15;82.68858539;111.9472616;29.25867622;3;3;1;1
3121200;2020;Male;Malarone;1810;19/06/2020;26/06/2020;7;25.97631996;33.4788185;29.72756923;805;820;19.1;24.9;2.142857143;170.307811;115.9948303;-54.31298076;4;1;1;1
3121208;2020;Male;Malarone;3061B;07/06/2020;13/06/2020;6;21.72538658;27.69897951;24.71218305;580;675;14.9;20.6;15.83333333;10.21590191;20.54666079;10.33075888;3;1;1;1
3121209;2020;Male;Water;3061B;07/06/2020;13/06/2020;6;18.31055566;23.17524242;20.74289904;450;610;11.4;16.4;26.66666667;-49.79978817;15.14416615;64.94395432;0;3;0;1
3121210;2020;Male;Malarone;21392;07/06/2020;13/06/2020;6;24.79513877;30.765347;27.78024289;620;760;18;23;23.33333333;0.812061022;76.74160972;75.9295487;2;1;1;1
3121211;2020;Male;Water;21392;07/06/2020;13/06/2020;6;20.48525776;25.21739757;22.85132767;430;605;13.6;18.4;29.16666667;-115.9222188;-19.93281639;95.98940245;0;0;0;0
3121212;2020;Male;Malarone;2264D;07/06/2020;13/06/2020;6;26.5352563;32.74054362;29.63789996;720;740;19.6;24.4;3.333333333;78.55339384;41.29686602;-37.25652782;3;1;1;1
3121226;2020;Female;Malarone;1934;09/06/2020;16/06/2020;7;25.57063958;33.07817244;29.32440601;860;920;19.5;25.2;8.571428571;126.7916972;106.1282983;-20.6633989;3;1;1;1
3121227;2020;Male;Water;1934;09/06/2020;16/06/2020;7;22.58987466;28.9281796;25.75902713;620;690;15.8;21.6;10;34.88621551;23.15659722;-11.72961829;4;3;1;1
3121228;2020;Female;Water;1988E;09/06/2020;16/06/2020;7;27.45347792;35.25852979;31.35600385;880;915;21.1;26.6;5;121.985659;84.12071789;-37.86494114;1;1;1;1
3121229;2020;Male;Malarone;1988E;09/06/2020;16/06/2020;7;22.30028617;28.8021981;25.55124214;640;670;15.5;21.5;4.285714286;59.89687502;4.369506125;-55.5273689;1;1;1;1
3121254;2020;Female;Control;1196;12/06/2020;23/06/2020;11;18.76368709;30.7433887;24.75353789;650;820;12.7;23.6;15.45454545;51.68049739;26.76281644;-24.91768094;2;2;1;1
3121257;2020;Male;Water;1810;19/06/2020;26/06/2020;7;24.69078195;32.16223138;28.42650667;680;760;17.9;24;11.42857143;62.26822858;65.61731811;3.349089531;2;1;1;1
3121263;2020;Female;Water;1847;15/06/2020;22/06/2020;7;28.4586292;36.22833282;32.34348101;790;870;21.9;27.2;11.42857143;20.27961575;32.10413823;11.82452249;3;3;1;1
3121264;2020;Male;Malarone;1847;15/06/2020;22/06/2020;7;22.49314803;28.06066745;25.27690774;510;630;15.7;20.9;17.14285714;-73.45421447;-28.23241323;45.22180124;0;2;0;1
3121268;2020;Female;Control;2229;15/06/2020;21/06/2020;6;32.18216845;38.73113114;35.45664979;780;900;24.6;28.7;20;-26.29148882;45.21831652;71.50980533;3;2;1;1
3121269;2020;Male;Control;2229;15/06/2020;21/06/2020;6;30.22635399;37.07998535;33.65316967;650;670;22.6;27.2;3.333333333;-28.67263406;-57.09799945;-28.42536539;3;3;1;1
3121274;2020;Male;Water;2196B;16/06/2020;23/06/2020;7;27.57973541;35.4749891;31.52736225;630;790;20.5;26.2;22.85714286;-23.18140774;72.69271069;95.87411843;1;3;1;1
3121275;2020;Male;Malarone;2196B;16/06/2020;23/06/2020;7;25.21739757;32.74054362;28.9789706;595;750;18.4;24.4;22.14285714;-29.93281639;51.29686602;81.22968241;0;2;0;1
3121280;2020;Male;Water;1124E;16/06/2020;23/06/2020;7;27.22589468;34.69453752;30.9602161;610;660;20.2;25.7;7.142857143;-39.3280495;-52.270883;-12.94283351;3;3;1;1
3414579;2016;Male;Control;NA;27/05/2016;07/06/2016;11;18.72032282;28.8021981;23.76126046;485;685;11.8;21.5;18.18181818;-23.81383316;19.36950612;43.18333929;1;0;1;0
3414580;2016;Male;Control;NA;27/05/2016;07/06/2016;11;16.4466249;24.79513877;20.62088183;390;510;9.7;18;10.90909091;-67.58996718;-109.187939;-41.5979718;0;0;0;0
3414613;2016;Male;Control;NA;07/06/2016;17/06/2016;10;30.36004122;41.47374601;35.91689361;745;740;22.7;29.8;-0.5;65.1733623;-10.95987869;-76.13324099;1;NA;1;NA
3414614;2016;Male;Control;NA;07/06/2016;17/06/2016;10;26.76299649;36.59261082;31.67780366;650;660;19.8;26.9;1;5.899752771;-64.19910023;-70.098853;0;0;0;0
3414627;2016;Female;Control;NA;03/06/2016;24/06/2016;21;9.463094656;31.4541198;20.45860723;305;780;5.5;24.1;22.61904762;-30.07571657;-19.8320501;10.24366647;0;4;0;1
3414628;2016;Male;Control;NA;03/06/2016;24/06/2016;21;16.56303017;36.59261082;26.5778205;445;735;9.8;26.9;13.80952381;-15.27082555;10.80089977;26.07172532;0;3;0;1
3414636;2016;Male;Control;NA;03/06/2016;28/06/2016;25;13.14269512;40.43762616;26.79016064;355;780;7.2;29.2;17;-24.68658448;34.35653645;59.04312093;0;0;0;0
3414637;2016;Female;Control;NA;03/06/2016;28/06/2016;25;9.826431479;38.56124531;24.19383839;320;970;5.7;28.6;26;-26.31132566;116.3162709;142.6275966;0;1;0;1
3414640;2016;Female;Control;NA;03/06/2016;20/06/2016;17;20.68292806;35.57958881;28.13125843;630;695;14.7;26.8;3.823529412;-14.32301546;-138.2355749;-123.9125594;1;NA;1;NA
3414641;2016;Female;Control;NA;04/06/2016;20/06/2016;16;20.4923271;37.88568889;29.18900799;595;800;14.5;28.2;12.8125;-45.0138575;-49.25318244;-4.239324949;3;3;1;1
3414644;2016;Female;Control;NA;04/06/2016;22/06/2016;18;18.17070902;36.55588883;27.36329893;535;725;12.1;27.4;10.55555556;-48.0957119;-115.2003674;-67.1046555;1;4;1;1
3414650;2016;Male;Control;NA;05/06/2016;28/06/2016;23;14.96457605;38.06867553;26.51662579;380;665;8.5;27.8;12.39130435;-43.07201213;-67.80109261;-24.72908048;0;1;0;1
3414672;2016;Female;Control;NA;03/06/2016;28/06/2016;25;10.00480533;38.05395816;24.02938175;290;830;5.8;28.3;21.6;-61.78213507;-20.36668312;41.41545195;0;1;0;1
3414673;2016;Female;Control;NA;03/06/2016;28/06/2016;25;7.916876121;35.74095829;21.82891721;215;780;4.7;26.9;22.6;-70.63085164;-54.4071353;16.22371634;0;1;0;1
3414677;2016;Male;Control;NA;03/06/2016;23/06/2016;20;15.84914811;36.91699088;26.3830695;440;830;9.2;27.1;19.5;-3.757035783;103.8647324;107.6217682;0;1;0;1
3414680;2016;Male;Control;NA;03/06/2016;23/06/2016;20;12.83852702;32.30577233;22.57214968;295;635;7;24.1;17;-77.32324121;-60.46950841;16.85373281;0;0;0;0
3414681;2016;Male;Control;NA;03/06/2016;23/06/2016;20;14.01531943;33.4788185;23.74706896;405;745;7.8;24.9;17;4.391740513;40.99483027;36.60308975;0;0;0;0
3414706;2016;Female;Control;NA;04/06/2016;22/06/2016;18;16.50048391;34.15321622;25.32685007;560;880;10.5;25.9;17.77777778;21.51890669;57.50957802;35.99067133;0;NA;0;NA
3414707;2016;Female;Control;NA;04/06/2016;22/06/2016;18;17.45890313;33.84288499;25.65089406;640;870;11.4;25.7;12.77777778;75.64979345;49.94806785;-25.7017256;0;0;0;0
3414718;2016;Female;Control;NA;05/06/2016;23/06/2016;18;14.87472591;31.74327849;23.3090022;470;845;9.1;24.3;20.83333333;-23.46677503;42.56823583;66.03501086;0;3;0;1
3414719;2016;Male;Control;NA;05/06/2016;23/06/2016;18;19.02236155;35.79141269;27.40688712;580;760;12.1;26.4;10;64.62394602;40.70500986;-23.91893616;3;4;1;1
3414720;2016;Female;Control;NA;05/06/2016;29/06/2016;24;10.86506582;36.55588883;23.71047733;370;880;6.3;27.4;21.25;-7.793939899;39.7996326;47.5935725;0;1;0;1
3414721;2016;Female;Control;NA;05/06/2016;29/06/2016;24;9.278063968;35.74095829;22.50951113;300;765;5.4;26.9;19.375;-29.30374523;-69.4071353;-40.10339007;0;1;0;1
3414729;2016;Female;Control;NA;09/06/2016;22/06/2016;13;21.54497073;33.6886615;27.61681612;725;745;15.6;25.6;1.538461538;61.98453875;-73.82556174;-135.8101005;1;3;1;1
3414730;2016;Male;Control;NA;09/06/2016;21/06/2016;12;21.91652432;32.16223138;27.03937785;565;655;15.1;24;7.5;-8.269235053;-39.38268189;-31.11344684;1;4;1;1
3414735;2016;Male;Control;NA;09/06/2016;21/06/2016;12;24.69078195;38.23516009;31.46297102;615;680;17.9;27.9;5.416666667;-2.731771422;-53.73962647;-51.00785505;3;0;1;0
3414736;2016;Male;Control;NA;09/06/2016;21/06/2016;12;20.86751448;30.90186386;25.88468917;610;715;14;23.1;8.75;56.50097818;30.60763223;-25.89334595;4;1;1;1
3414737;2016;Male;Control;NA;09/06/2016;21/06/2016;12;14.7003845;26.30992321;20.50515386;440;765;8.3;19.4;27.08333333;23.15164857;126.2342522;103.0826036;3;2;1;1
3414751;2016;Male;Control;NA;05/06/2016;28/06/2016;23;16.09133359;40.60959417;28.35046388;440;750;9.4;29.3;13.47826087;-9.378357817;3.462923958;12.84128177;0;1;0;1
3414752;2016;Male;Control;NA;05/06/2016;24/06/2016;19;14.01531943;33.92982497;23.9725722;440;780;7.8;25.2;17.89473684;39.39174051;72.86447668;33.47273617;0;3;0;1
3414753;2016;Female;Control;NA;05/06/2016;21/06/2016;16;12.13982505;28.33056656;20.23519581;300;700;7.1;21.8;25;-115.3984943;-68.28073134;47.11776297;0;1;0;1
3414754;2016;Male;Control;NA;05/06/2016;21/06/2016;16;15.47735073;32.59493102;24.03614087;410;655;8.9;24.3;15.3125;-25.09166541;-42.62969756;-17.53803215;2;2;1;1
3414771;2016;Male;Control;NA;10/06/2016;21/06/2016;11;23.67104753;34.69453752;29.18279253;690;770;16.9;25.7;7.272727273;87.2942849;57.729117;-29.5651679;1;1;1;1
3414790;2016;Male;Control;1804;12/06/2016;20/06/2016;8;20.48525776;28.42837463;24.45681619;685;735;13.6;21.2;6.25;139.0777812;73.04237312;-66.03540804;1;3;1;1
3414821;2016;Female;Control;NA;17/06/2016;01/07/2016;14;21.6414955;34.62333657;28.13241604;710;775;15.7;26.2;4.642857143;44.97454078;-51.11307559;-96.08761637;1;1;1;1
3414822;2016;Female;Control;NA;17/06/2016;01/07/2016;14;19.34553664;31.4541198;25.39982822;490;750;13.3;24.1;18.57142857;-122.8404012;-49.8320501;73.00835112;0;1;0;1
3414828;2016;Female;Control;NA;19/06/2016;01/07/2016;12;21.73822213;34.93976016;28.33899114;575;885;15.8;26.4;25.83333333;-92.02269522;56.49479416;148.5174894;0;NA;0;NA
3414832;2016;Male;Control;NA;21/06/2016;28/06/2016;7;31.59504123;41.64734735;36.62119429;590;615;23.6;29.9;3.571428571;-99.98961377;-136.8355291;-36.84591532;3;1;1;1
3417993;2018;Female;Control;342;26/05/2018;02/06/2018;7;13.57903598;21.35246986;17.46575292;405;635;8.1;15.4;32.85714286;-51.84831425;-23.95651962;27.89179464;0;0;0;0
3417994;2018;Female;Malarone;1374;26/05/2018;02/06/2018;7;20.87373405;28.58738987;24.73056196;625;810;14.9;22;26.42857143;-23.57393978;38.84652164;62.42046142;2;3;1;1
3417995;2018;Female;Control;243;26/05/2018;02/06/2018;7;11.35711878;20.96925365;16.16318622;410;620;6.6;15;30;17.57255594;-30.67805205;-48.25060799;0;0;0;0
3417996;2018;Female;Control;243;26/05/2018;02/06/2018;7;8.901107271;17.86867029;13.38488878;280;510;5.2;11.8;32.85714286;-37.43201134;-65.19830266;-27.76629133;0;0;0;0
3417998;2018;Female;Water;1697;26/05/2018;10/06/2018;15;13.44205202;28.20319993;20.82262598;435;710;8;21.7;18.33333333;-17.94064149;-56.83445931;-38.89381782;0;3;0;1
3417999;2018;Male;Water;1697;26/05/2018;10/06/2018;15;13.58625689;29.82952995;21.70789342;410;620;7.5;22.3;14;19.64330543;-55.17973486;-74.8230403;0;3;0;1
3418500;2018;Male;Control;1914;26/05/2018;02/06/2018;7;16.4466249;23.97271315;20.20966902;400;605;9.7;17.2;29.28571429;-57.58996718;-2.304919984;55.28504719;0;0;0;0
3418502;2018;Female;Control;1914;26/05/2018;02/06/2018;7;10.52715088;19.05573556;14.79144322;350;475;6.1;13;17.85714286;-17.64584655;-130.6637338;-113.0178872;0;0;0;0
3418503;2018;Female;Malarone;1959;26/05/2018;03/06/2018;8;16.39033598;24.36574504;20.37804051;570;815;10.4;18.4;30.625;34.52910777;100.0564562;65.52734841;0;0;0;0
3418504;2018;Male;Control;1489;26/05/2018;03/06/2018;8;10.67808401;20.0042124;15.34114821;305;590;5.7;13.1;35.625;-13.62400757;53.8684913;67.49249887;0;0;0;0
3418507;2018;Male;Malarone;1837;27/05/2018;02/06/2018;6;19.81031419;25.43155368;22.62093394;540;720;12.9;18.6;30;7.889822929;92.24141122;84.35158829;1;1;1;1
3418508;2018;Female;Malarone;1837;27/05/2018;02/06/2018;6;17.86867029;23.7352367;20.8019535;515;680;11.8;17.8;27.5;-60.19830266;-24.51506574;35.68323693;1;1;1;1
3418509;2018;Male;Malarone;905;27/05/2018;02/06/2018;6;22.39662326;28.30513045;25.35087685;670;740;15.6;21.1;11.66666667;88.2159599;79.27822128;-8.93773862;3;1;1;1
3418510;2018;Female;Malarone;2081;27/05/2018;03/06/2018;7;17.96981717;24.68776647;21.32879182;550;695;11.9;18.7;20.71428571;-27.85286367;-25.03093685;2.821926821;0;3;0;1
3418511;2018;Male;Malarone;2081;27/05/2018;03/06/2018;7;17.01921032;23.67104753;20.34512893;450;505;10.2;16.9;7.857142857;-20.72747593;-97.7057151;-76.97823917;0;3;0;1
3418512;2018;Male;Malarone;2081;27/05/2018;03/06/2018;7;12.99147758;21.15345387;17.07246572;335;460;7.1;14.3;17.85714286;-41.03084097;-99.04088454;-58.01004358;0;0;0;0
3418513;2018;Male;Control;1886;27/05/2018;02/06/2018;6;19.90738809;25.75676563;22.83207686;535;695;13;18.9;26.66666667;0.871423708;63.0592196;62.18779589;0;0;0;0
3418514;2018;Male;Control;1886;27/05/2018;02/06/2018;6;18.61867989;24.38045648;21.49956819;425;660;11.7;17.6;39.16666667;-81.58929718;46.68604755;128.2753447;0;1;0;1
3418515;2018;Female;Control;1886;27/05/2018;02/06/2018;6;12.13982505;19.63360523;15.88671514;265;540;7.1;13.6;45.83333333;-150.3984943;-79.85698087;70.54151343;0;0;0;0
3418516;2018;Male;Control;1500;27/05/2018;02/06/2018;6;20.86751448;25.97631996;23.42191722;650;735;14;19.1;14.16666667;96.50097818;100.307811;3.806832849;0;3;0;1
3418526;2018;Male;Malarone;2074;31/05/2018;07/06/2018;7;21.15345387;27.81888;24.48616694;630;775;14.3;20.7;20.71428571;70.95911546;119.2808888;48.32177337;0;0;0;0
3418527;2018;Male;Malarone;2074;31/05/2018;07/06/2018;7;20.7720929;27.34319786;24.05764538;580;690;13.9;20.3;15.71428571;28.374688;39.38117553;11.00648753;0;0;0;0
3418528;2018;Male;Control;2074;31/05/2018;07/06/2018;7;16.56303017;22.88140447;19.72221732;450;580;9.8;16.1;18.57142857;-10.27082555;-10.03019401;0.240631538;0;0;0;0
3418535;2018;Female;Control;1152;31/05/2018;09/06/2018;9;20.58760999;28.33056656;24.45908828;615;865;14.6;21.8;27.77777778;-27.17581523;96.71926866;123.8950839;0;0;0;0
3418536;2018;Female;Control;1152;31/05/2018;09/06/2018;9;16.05487822;24.04831684;20.05159753;395;800;10.1;18.1;45;-131.263495;90.22748131;221.4909764;0;0;0;0
3418551;2018;Female;Control;1416;09/06/2018;15/06/2018;6;16.71841922;23.22238267;19.97040095;610;735;10.7;17.3;20.83333333;65.58356811;39.44746679;-26.13610132;0;0;0;0
3418552;2018;Male;Control;1416;09/06/2018;15/06/2018;6;14.01531943;18.51651909;16.26591926;400;320;7.8;11.6;-13.33333333;-0.608259487;-184.3456662;-183.7374067;0;0;0;0
3418553;2018;Female;Control;407;09/06/2018;15/06/2018;6;19.34553664;25.34649034;22.34601349;590;800;13.3;19.3;35;-22.84040122;70.03464977;92.87505099;0;0;0;0
3418554;2018;Female;Control;407;09/06/2018;15/06/2018;6;20.01586195;25.68360377;22.84973286;665;750;14;19.6;14.16666667;36.02459482;15.18267267;-20.84192215;0;0;0;0
3418555;2018;Female;Control;2092;09/06/2018;16/06/2018;7;20.96925365;26.84732698;23.90829032;735;720;15;20.6;-2.142857143;84.32194795;-30.47048753;-114.7924355;2;0;1;0
3418556;2018;Male;Control;1532;09/06/2018;16/06/2018;7;23.67104753;30.49443565;27.08274159;665;675;16.9;22.8;1.428571429;62.2942849;-5.975568783;-68.26985368;1;1;1;1
3418557;2018;Male;Control;1532;09/06/2018;16/06/2018;7;23.37259065;28.30513045;25.83886055;660;590;16.6;21.1;-10;61.97586796;-70.72177872;-132.6976467;0;0;0;0
3418558;2018;Female;Control;1532;09/06/2018;16/06/2018;7;20.01586195;26.72808288;23.37197241;570;765;14;20.5;27.85714286;-58.97540518;16.06023867;75.03564385;0;3;0;1
3418564;2018;Female;Control;16181;09/06/2018;15/06/2018;6;22.52093812;30.46400219;26.49247015;755;890;16.6;23.4;22.5;72.44014125;99.43996973;26.99982847;1;0;1;0
3418565;2018;Male;Control;16181;09/06/2018;15/06/2018;6;24.17575925;31.45499605;27.81537765;675;785;17.4;23.5;18.33333333;64.67329607;96.12028768;31.44699162;0;0;0;0
3418566;2018;Male;Control;16181;09/06/2018;15/06/2018;6;21.62994996;27.81888;24.72441498;585;720;14.8;20.7;22.5;16.97605268;64.28088883;47.30483615;0;0;0;0
3418567;2018;Male;Control;1043;09/06/2018;15/06/2018;6;19.22152605;26.19814287;22.70983446;570;650;12.3;19.3;13.33333333;50.33890906;12.58506349;-37.75384557;0;0;0;0
3418568;2018;Male;Control;1043;09/06/2018;15/06/2018;6;15.97079092;22.01225633;18.99152362;400;470;9.3;15.2;11.66666667;-46.58280817;-104.9945311;-58.41172292;0;4;0;1
3418569;2018;Female;Control;1995;09/06/2018;15/06/2018;6;17.66486656;30.05021133;23.85753895;560;825;11.6;23.1;44.16666667;-9.821015959;38.49891136;48.31992732;2;3;1;1
3418570;2018;Male;Control;1995;09/06/2018;15/06/2018;6;12.52730259;19.90738809;16.21734534;320;485;6.8;13;27.5;-44.74643824;-49.12857629;-4.382138056;0;4;0;1
3418571;2018;Female;Control;1339;27/05/2018;03/06/2018;7;15.11913839;22.22536546;18.67225193;510;545;9.3;16.3;5;9.694616249;-131.8229773;-141.5175936;0;3;0;1
3418572;2018;Male;Control;1339;27/05/2018;03/06/2018;7;19.12214918;25.75676563;22.43945741;610;750;12.2;18.9;20;92.47264663;118.0592196;25.58657297;3;3;1;1
3418573;2018;Female;Control;1339;27/05/2018;03/06/2018;7;9.463094656;14.6256982;12.04439643;290;260;5.5;8.9;-4.285714286;-45.07571657;-226.4761848;-181.4004683;0;0;0;0
3418574;2018;Female;Control;2106;27/05/2018;03/06/2018;7;10.86506582;19.24915388;15.05710985;380;585;6.3;13.2;29.28571429;2.206060101;-25.46632495;-27.67238505;0;0;0;0
3418577;2018;Female;Control;2140;27/05/2018;03/06/2018;7;22.91957811;30.18743528;26.5535067;845;985;17;23.2;20;154.9501776;197.1401031;42.18992556;0;0;0;0
3418578;2018;Female;Malarone;O18;27/05/2018;03/06/2018;7;16.50048391;22.12742381;19.31395386;580;560;10.5;16.2;-2.857142857;41.51890669;-114.8871951;-156.4061018;0;0;0;0
3418579;2018;Male;Control;1401;27/05/2018;03/06/2018;7;20.38939626;28.06066745;24.22503186;580;745;13.5;20.9;23.57142857;36.00680394;86.76758677;50.76078283;0;0;0;0
3418580;2018;Female;Control;1401;27/05/2018;03/06/2018;7;16.60983693;24.68776647;20.6488017;530;800;10.6;18.7;38.57142857;-11.46276125;79.96906315;91.4318244;0;0;0;0
3418581;2018;Female;Malarone;O18;27/05/2018;03/06/2018;7;13.57903598;23.63179823;18.60541711;390;715;8.1;17.7;46.42857143;-66.84831425;12.25712831;79.10544257;3;2;1;1
3418582;2018;Male;Control;1543;31/05/2018;07/06/2018;7;16.09133359;22.39662326;19.24397843;410;490;9.4;15.6;11.42857143;-39.37835782;-91.7840401;-52.40568228;0;0;0;0
3418591;2018;Female;Control;2018;31/05/2018;08/06/2018;8;22.42210991;31.74327849;27.0826942;740;865;16.5;24.3;15.625;59.34083351;62.56823583;3.227402318;0;3;0;1
3418592;2018;Female;Control;2018;31/05/2018;08/06/2018;8;23.4262436;33.22982393;28.32803376;835;925;17.5;25.3;11.25;135.8317533;109.8825002;-25.94925308;3;1;1;1
3418595;2018;Male;Control;2159;01/06/2018;09/06/2018;8;20.67658808;28.30513045;24.49085927;280;745;13.8;21.1;58.125;-269.7380735;84.27822128;354.0162948;0;0;0;0
3418601;2018;Male;Control;1914;26/05/2018;02/06/2018;7;9.366379364;17.89143287;13.62890612;280;415;5;11;19.28571429;-4.375656871;-75.46374573;-71.08808886;0;0;0;0
3418602;2018;Male;Control;2087;02/06/2018;09/06/2018;7;9.169568268;17.57007175;13.36982001;230;535;4.9;10.7;43.57142857;-49.09504494;51.76385025;100.8588952;0;0;0;0
3418603;2018;Male;Control;2106;27/05/2018;03/06/2018;7;7.060224958;14.43068851;10.74545673;160;355;3.9;8.1;27.85714286;-59.43247888;-55.47287926;3.959599619;NA;0;NA;0
3418604;2018;Male;Water;2123;09/06/2018;15/06/2018;6;19.12214918;25.11108959;22.11661939;500;630;12.2;18.3;21.66666667;-17.52735337;6.491608934;24.01896231;0;1;0;1
3418605;2018;Female;Control;527;09/06/2018;28/06/2018;19;15.11913839;35.90287746;25.51100793;505;960;9.3;27;23.94736842;4.694616249;124.4256514;119.7310352;0;1;0;1
3418617;2018;Male;Water;869;09/06/2018;16/06/2018;7;20.0042124;26.42229211;23.21325226;535;675;13.1;19.5;20;-1.131508699;34.89038601;36.02189471;0;0;0;0
3418618;2018;Female;Water;869;09/06/2018;16/06/2018;7;21.54497073;28.4586292;25.00179997;725;820;15.6;21.9;13.57142857;61.98453875;50.27961575;-11.704923;0;3;0;1
3418623;2018;Male;Control;2162;10/06/2018;16/06/2018;6;23.97271315;30.62953756;27.30112535;675;825;17.2;22.9;25;67.69508002;142.8805283;75.18544828;0;1;0;1
3418632;2018;Male;Water;1203;11/06/2018;16/06/2018;5;21.82090618;26.42229211;24.12159915;520;680;15;19.5;32;-51.53247517;39.89038601;91.42286119;0;3;0;1
3418633;2018;Male;Water;1203;11/06/2018;16/06/2018;5;17.13102133;21.15345387;19.1422376;380;445;10.3;14.3;13;-93.2775586;-114.0408845;-20.76332595;0;3;0;1
3418652;2018;Male;Water;2072;10/06/2018;16/06/2018;6;26.64882232;33.62849166;30.13865699;745;740;19.7;25;-0.833333333;102.2232057;34.94720802;-67.2759977;1;1;1;1
3418663;2018;Male;Water;2112;10/06/2018;18/06/2018;8;18.1022541;25.64782028;21.87503719;460;650;11.2;18.8;23.75;-35.17344793;19.44586158;54.6193095;3;3;1;1
3418664;2018;Male;Control;1540;10/06/2018;16/06/2018;6;22.39662326;28.67690535;25.5367643;600;725;15.6;21.4;20.83333333;18.2159599;60.58806964;42.37210973;0;0;0;0
3418665;2018;Male;Control;1540;10/06/2018;16/06/2018;6;13.58625689;19.71297125;16.64961407;350;460;7.5;12.8;18.33333333;-40.35669457;-70.07607031;-29.71937574;0;1;0;1
3418666;2018;Female;Water;1833;10/06/2018;16/06/2018;6;24.9051131;31.59835384;28.25173347;885;835;18.9;24.2;-8.333333333;161.6226102;33.8654072;-127.757203;2;3;1;1
3418668;2018;Male;Water;1521;10/06/2018;16/06/2018;6;18.1022541;23.97271315;21.03748363;460;620;11.2;17.2;26.66666667;-35.17344793;12.69508002;47.86852794;0;0;0;0
3418669;2018;Male;Water;1521;10/06/2018;16/06/2018;6;12.83852702;19.41913063;16.12882883;360;520;7;12.5;26.66666667;-12.32324121;-3.87701137;8.446229842;0;0;0;0
3418746;2016;Male;Control;NA;15/06/2016;28/06/2016;13;26.87778496;26.87778496;26.87778496;640;640;19.9;19.9;0;-5.417032887;-5.417032887;0;NA;0;NA;0
3418748;2019;Female;Control;2232;19/05/2019;25/05/2019;6;18.86131872;24.57990115;21.72060994;630;775;12.8;18.6;24.16666667;29.21331915;56.65573536;27.4424162;0;0;0;0
3418749;2019;Female;Control;2232;19/05/2019;25/05/2019;6;17.76702736;23.63179823;20.6994128;560;660;11.7;17.7;16.66666667;-12.52114938;-42.74287169;-30.22172231;3;3;1;1
3418750;2019;Male;Control;2232;19/05/2019;25/05/2019;6;18.8214697;23.97271315;21.39709142;560;690;11.9;17.2;21.66666667;48.98040353;82.69508002;33.71467648;0;0;0;0
3418754;2019;Female;Control;2232;19/05/2019;25/05/2019;6;14.2430262;19.82493555;17.03398088;470;660;8.6;13.8;31.66666667;-5.690090033;35.55076805;41.24085808;0;0;0;0
3418755;2019;Female;Malarone;19931;19/05/2019;25/05/2019;6;20.20652523;26.37424215;23.29038369;610;775;14.2;20.2;27.5;-23.4373752;30.69762406;54.13499926;0;0;0;0
3418756;2019;Male;Malarone;19931;19/05/2019;25/05/2019;6;20.48525776;26.5352563;23.51025703;575;690;13.6;19.6;19.16666667;29.07778116;48.55339384;19.47561268;3;0;1;0
3418760;2019;Male;Malarone;1630;19/05/2019;26/05/2019;7;23.17524242;29.4390424;26.30714241;670;665;16.4;22;-0.714285714;75.14416615;-6.639526339;-81.78369249;0;0;0;0
3418761;2019;Female;Malarone;1630;19/05/2019;26/05/2019;7;22.819395;30.60334352;26.71136926;770;845;16.9;23.5;10.71428571;81.80601549;53.09854504;-28.70747045;0;0;0;0
3418762;2019;Male;Malarone;1630;19/05/2019;26/05/2019;7;21.24871559;27.57973541;24.4142255;605;630;14.4;20.5;3.571428571;44.13763491;-23.18140774;-67.31904265;0;0;0;0
3418791;2019;Male;Malarone;1374;22/05/2019;30/05/2019;8;25.43155368;34.23377838;29.83266603;820;745;18.6;25.4;-9.375;192.2414112;35.79820979;-156.4432014;3;2;1;1
3418792;2019;Female;Malarone;1374;22/05/2019;30/05/2019;8;24.04831684;33.22982393;28.63907038;870;885;18.1;25.3;1.875;160.2274813;69.8825002;-90.34498111;3;1;1;1
3418793;2019;Male;Malarone;1374;22/05/2019;30/05/2019;8;24.0740352;32.16223138;28.11813329;850;800;17.3;24;-6.25;241.1798213;105.6173181;-135.5625032;3;2;1;1
3418794;2019;Male;Control;2171B;23/05/2019;30/05/2019;7;18.51651909;25.64782028;22.08216969;565;710;11.6;18.8;20.71428571;60.65433376;79.44586158;18.79152781;1;4;1;1
3418795;2019;Male;Control;2171B;23/05/2019;30/05/2019;7;19.02236155;26.08694416;22.55465286;555;695;12.1;19.2;20;39.62394602;58.942892;19.31894598;4;4;1;1
3418796;2019;Male;Control;2171B;23/05/2019;30/05/2019;7;19.90738809;27.34319786;23.62529297;585;680;13;20.3;13.57142857;50.87142371;29.38117553;-21.49024818;0;3;0;1
3418797;2019;Female;Control;2171B;23/05/2019;30/05/2019;7;14.11292352;22.02975194;18.07133773;470;690;8.5;16.1;31.42857143;-2.010941517;17.06057338;19.0715149;0;0;0;0
3418817;2019;Female;Malarone;2188A;24/05/2019;30/05/2019;6;27.33091006;33.07817244;30.20454125;990;960;21;25.2;-5;233.4800258;146.1282983;-87.35172748;3;2;1;1
3418818;2019;Male;Malarone;2188A;24/05/2019;30/05/2019;6;27.93944125;33.32981313;30.63462719;840;775;20.8;24.8;-10.83333333;183.021217;72.04666831;-110.9745487;0;0;0;0
3418819;2019;Male;Malarone;2188A;24/05/2019;30/05/2019;6;24.38045648;30.90186386;27.64116017;790;790;17.6;23.1;0;176.6860476;105.6076322;-71.07841532;0;0;0;0
3418834;2019;Female;Malarone;1608;25/05/2019;01/06/2019;7;22.12742381;28.84701244;25.48721813;785;815;16.2;22.2;4.285714286;110.1128049;40.99977269;-69.11303216;4;3;1;1
3418835;2019;Female;Malarone;1608;25/05/2019;01/06/2019;7;20.4923271;26.25757587;23.37495149;675;745;14.5;20.1;10;34.9861425;2.258737005;-32.7274055;3;1;1;1
3418836;2019;Female;Control;2224;25/05/2019;01/06/2019;7;19.72932981;26.25757587;22.99345284;670;765;13.7;20.1;13.57142857;47.83851349;22.258737;-25.57977649;0;2;0;1
3418837;2019;Male;Control;2224;25/05/2019;01/06/2019;7;18.92214213;25.21739757;22.06976985;560;660;12;18.4;14.28571429;46.79309872;35.06718361;-11.72591511;0;0;0;0
3418838;2019;Female;Malarone;1489;26/05/2019;02/06/2019;7;23.52880395;31.59835384;27.56357889;770;895;17.6;24.2;17.85714286;69.03936318;93.8654072;24.82604403;0;0;0;0
3418839;2019;Female;Malarone;1489;26/05/2019;02/06/2019;7;23.7352367;32.4781606;28.10669865;780;860;17.8;24.8;11.42857143;75.48493426;51.16142348;-24.32351078;3;1;1;1
3418879;2019;Male;Malarone;18311;26/05/2019;02/06/2019;7;22.7839892;29.05485246;25.91942083;600;735;16;21.7;19.28571429;11.5983558;66.94929068;55.35093488;0;0;0;0
3418880;2019;Female;Malarone;18311;26/05/2019;02/06/2019;7;25.01461042;32.77683913;28.89572478;810;1000;19;25;27.14285714;84.96264004;188.6347945;103.6721545;0;0;0;0
3418881;2019;Male;Malarone;18311;26/05/2019;02/06/2019;7;25.539419;32.59493102;29.06717501;735;780;18.7;24.3;6.428571429;105.839899;82.37030244;-23.46959658;0;0;0;0
3418882;2019;Male;Malarone;18311;26/05/2019;02/06/2019;7;18.20670842;25.43155368;21.81913105;475;700;11.3;18.6;32.14285714;-22.49685345;72.24141122;94.73826467;0;0;0;0
3418883;2019;Female;Malarone;2214B;26/05/2019;02/06/2019;7;22.42210991;29.10944658;25.76577824;665;760;16.5;22.4;13.57142857;-15.65916649;-16.82144454;-1.162278049;2;0;1;0
3418884;2019;Female;Malarone;2214B;26/05/2019;02/06/2019;7;22.71956855;29.10944658;25.91450756;665;800;16.8;22.4;19.28571429;-21.32713266;23.17855546;44.50568813;3;NA;1;NA
3418885;2019;Male;Malarone;2214B;26/05/2019;02/06/2019;7;20.86751448;26.99319369;23.93035408;560;695;14;20;19.28571429;6.50097818;48.27278191;41.77180373;2;NA;1;NA
3418886;2019;Female;Malarone;2214B;26/05/2019;02/06/2019;7;15.47757183;21.44863364;18.46310273;405;580;9.6;15.5;25;-105.292369;-80.99253716;24.29983181;4;2;1;1
3418887;2019;Female;Malarone;2214B;26/05/2019;02/06/2019;7;14.11292352;21.06487178;17.58889765;385;565;8.5;15.1;25.71428571;-87.01094152;-87.76818341;-0.757241892;0;3;0;1
3418931;2019;Male;Malarone;2185A;31/05/2019;07/06/2019;7;23.37259065;29.56850294;26.47054679;590;705;16.6;22.1;16.42857143;-8.024132039;32.17506845;40.19920049;4;0;1;0
3418937;2019;Female;Malarone;18331;01/06/2019;08/06/2019;7;19.92044037;26.60949058;23.26496548;645;830;13.9;20.4;26.42857143;18.27954076;82.59845011;64.31890934;3;1;1;1
3418938;2019;Male;Malarone;18331;01/06/2019;08/06/2019;7;19.90738809;26.5352563;23.2213222;570;765;13;19.6;27.85714286;35.87142371;123.5533938;87.68197013;3;2;1;1
3418939;2019;Female;Malarone;18331;01/06/2019;08/06/2019;7;16.71841922;23.83912942;20.27877432;575;875;10.7;17.9;42.85714286;30.58356811;168.7226685;138.1391004;0;0;0;0
3418969;2019;Male;Malarone;869;30/05/2019;06/06/2019;7;23.07701799;30.22635399;26.65168599;710;670;16.3;22.6;-5.714285714;116.7428341;-8.672634059;-125.4154682;0;0;0;0
3418970;2019;Male;Malarone;869;30/05/2019;06/06/2019;7;22.20412239;29.31028173;25.75720206;590;700;15.4;21.9;15.71428571;11.58866993;29.55127937;17.96260944;0;0;0;0
3419031;2019;Female;Malarone;2180A;31/05/2019;10/06/2019;10;27.82525282;39.2430009;33.53412686;770;840;21.4;29;7;7.544687219;-18.05273839;-25.59742561;4;0;1;0
3419034;2019;Female;Malarone;2180A;31/05/2019;10/06/2019;10;26.49154533;38.73113114;32.61133824;830;880;20.3;28.7;5;84.14422035;25.21831652;-58.92590384;0;1;0;1
3419035;2019;Male;Malarone;2180A;31/05/2019;10/06/2019;10;24.0740352;34.54031403;29.30717462;690;745;17.3;25.6;5.5;81.17982128;33.74814909;-47.43167219;3;1;1;1
3419039;2019;Male;Malarone;2185A;31/05/2019;07/06/2019;7;22.7839892;29.82952995;26.30675957;610;825;16;22.3;30.71428571;21.5983558;149.8202651;128.2219093;3;1;1;1
3419040;2019;Female;Malarone;2185A;31/05/2019;07/06/2019;7;24.68776647;30.7433887;27.71557758;750;840;18.7;23.6;12.85714286;29.96906315;46.76281644;16.79375329;3;0;1;0
3419051;2019;Male;Control;19951;01/06/2019;08/06/2019;7;24.17575925;29.56850294;26.87213109;760;845;17.4;22.1;12.14285714;149.6732961;172.1750685;22.50177238;0;3;0;1
3419052;2019;Male;Control;19951;01/06/2019;08/06/2019;7;21.62994996;28.06066745;24.84530871;655;750;14.8;20.9;13.57142857;86.97605268;91.76758677;4.791534094;1;2;1;1
3419053;2019;Female;Control;19951;01/06/2019;08/06/2019;7;17.45890313;24.04831684;20.75360999;580;760;11.4;18.1;25.71428571;15.64979345;50.22748131;34.57768786;3;4;1;1
3419054;2019;Male;Control;791;01/06/2019;10/06/2019;9;28.30513045;40.26597516;34.2855528;760;795;21.1;29.1;3.888888889;99.27822128;50.25321452;-49.02500676;0;3;0;1
3419055;2019;Male;Control;791;01/06/2019;10/06/2019;9;27.22589468;37.57208562;32.39899015;710;730;20.2;27.5;2.222222222;60.6719505;0.03489977;-60.63705073;0;4;0;1
3419056;2019;Male;Control;791;01/06/2019;10/06/2019;9;20.58098234;29.4390424;25.01001237;400;565;13.7;22;18.33333333;-147.8371095;-106.6395263;41.19758312;0;4;0;1
3419063;2019;Female;Malarone;21372;01/06/2019;08/06/2019;7;24.36574504;31.74327849;28.05451177;690;810;18.4;24.3;17.14285714;-24.94354382;7.56823583;32.51177965;0;0;0;0
3419064;2019;Female;Malarone;21372;01/06/2019;08/06/2019;7;19.15255987;26.25757587;22.70506787;670;900;13.1;20.1;32.85714286;61.9258053;157.258737;95.3329317;3;0;1;0
3419068;2019;Female;Malarone;2196A;01/06/2019;08/06/2019;7;22.12742381;28.84701244;25.48721813;720;870;16.2;22.2;21.42857143;45.11280485;95.99977269;50.88696784;3;0;1;0
3419069;2019;Female;Malarone;2196A;01/06/2019;08/06/2019;7;22.91957811;29.77788503;26.34873157;720;890;17;22.9;24.28571429;29.95017759;106.2342644;76.28408677;0;2;0;1
3419070;2019;Male;Malarone;2196A;01/06/2019;08/06/2019;7;21.91652432;28.42837463;25.17244947;570;720;15.1;21.2;21.42857143;-3.269235053;58.04237312;61.31160817;2;0;1;0
3419071;2019;Male;Malarone;2196A;01/06/2019;08/06/2019;7;20.0042124;26.30992321;23.15706781;530;740;13.1;19.4;30;-6.131508699;101.2342522;107.3657609;3;2;1;1
3419081;2019;Female;Control;1818;02/06/2019;08/06/2019;6;24.79616775;26.49154533;25.64385654;800;930;18.8;20.3;21.66666667;78.29138658;184.1442204;105.8528338;0;1;0;1
3419082;2019;Female;Control;1818;02/06/2019;08/06/2019;6;24.68776647;31.4541198;28.07094313;800;1000;18.7;24.1;33.33333333;79.96906315;200.1679499;120.1988867;0;0;0;0
3419083;2019;Female;Control;1818;02/06/2019;08/06/2019;6;19.82493555;25.23529163;22.53011359;560;720;13.8;19.2;26.66666667;-64.44923195;-8.331249869;56.11798208;0;0;0;0
3419116;2019;Female;Control;22341;07/06/2019;14/06/2019;7;24.68776647;32.32982688;28.50879667;770;875;18.7;24.7;15;49.96906315;67.4323893;17.46332615;3;3;1;1
3419117;2019;Male;Control;22341;07/06/2019;14/06/2019;7;26.19814287;33.77882856;29.98848571;670;750;19.3;25.1;11.42857143;32.58506349;43.90376791;11.31870442;3;3;1;1
3419118;2019;Male;Control;22341;07/06/2019;14/06/2019;7;22.20412239;28.55229852;25.37821046;590;670;15.4;21.3;11.42857143;11.58866993;6.81234073;-4.776329199;2;3;1;1
3419162;2019;Male;Control;2278B;09/06/2019;25/06/2019;16;12.52730259;29.18221909;20.85476084;365;700;6.8;21.8;20.9375;0.253561765;30.747535;30.49397324;0;2;0;1
3419163;2019;Male;Control;2278B;09/06/2019;25/06/2019;16;10.85645786;29.69866497;20.27756142;290;690;5.8;22.2;25;-33.16988563;15.99501498;49.16490061;0;3;0;1
3419183;2019;Female;Malarone;2215;08/06/2019;13/06/2019;5;23.22238267;28.20319993;25.7127913;710;810;17.3;21.7;20;14.44746679;43.16554069;28.71807389;3;2;1;1
3419187;2019;Female;Control;2190A;08/06/2019;14/06/2019;6;24.68776647;31.16773328;27.92774988;795;880;18.7;23.9;14.16666667;74.96906315;82.78932851;7.820265354;0;2;0;1
3419189;2019;Male;Control;2190A;08/06/2019;14/06/2019;6;23.87178204;29.56850294;26.72014249;785;840;17.1;22.1;9.166666667;179.2191741;167.1750685;-12.04410568;3;3;1;1
3419190;2019;Male;Control;2190A;08/06/2019;14/06/2019;6;20.48525776;25.86626295;23.17576036;610;680;13.6;19;11.66666667;64.07778116;46.67989502;-17.39788614;1;3;1;1
3419237;2019;Female;Malarone;2287B;14/06/2019;21/06/2019;7;22.12742381;30.60334352;26.36538367;730;940;16.2;23.5;30;55.11280485;148.098545;92.98574019;2;0;1;0
3419265;2019;Female;Control;2249B;18/06/2019;25/06/2019;7;16.16755779;23.4262436;19.79690069;555;690;10.2;17.5;19.28571429;25.637331;-9.168246718;-34.80557772;2;4;1;1
3419266;2019;Female;Control;2249B;18/06/2019;25/06/2019;7;15.11913839;22.32358989;18.72136414;540;675;9.3;16.4;19.28571429;39.69461625;-3.746919795;-43.44153604;3;3;1;1
3419272;2019;Male;Control;2278B;09/06/2019;25/06/2019;16;7.283256353;25.21739757;16.25032696;215;655;4;18.4;27.5;-11.05008298;30.06718361;41.11726659;0;2;0;1
3419275;2020;Male;Control;2260E;16/05/2020;29/05/2020;13;19.71297125;31.31565472;25.51431299;540;830;12.8;23.4;22.30769231;9.923929694;142.2349222;132.3109925;0;2;0;1
3419276;2020;Male;Control;2260E;16/05/2020;29/05/2020;13;19.22152605;30.62953756;24.9255318;480;785;12.3;22.9;23.46153846;-39.66109094;102.8805283;142.5416192;0;1;0;1
3419277;2020;Female;Control;2260E;16/05/2020;29/05/2020;13;14.87472591;25.23529163;20.05500877;460;670;9.1;19.2;16.15384615;-33.46677503;-58.33124987;-24.86447484;4;2;1;1
3419278;2020;Male;Water;20771;16/05/2020;23/05/2020;7;19.51739943;26.76299649;23.14019796;565;620;12.6;19.8;7.857142857;39.04025729;-24.10024723;-63.14050452;2;0;1;0
3419279;2020;Male;Water;20771;16/05/2020;23/05/2020;7;16.67846592;24.27789613;20.47818102;460;600;9.9;17.5;20;-2.924466621;-11.82459571;-8.900129089;0;0;0;0
3419280;2020;Female;Malarone;20771;16/05/2020;23/05/2020;7;14.99749558;23.52880395;19.26314977;480;670;9.2;17.6;27.14285714;-16.90466293;-30.96063682;-14.05597389;4;2;1;1
3419281;2020;Female;Malarone;1500;16/05/2020;23/05/2020;7;20.87373405;27.33091006;24.10232205;770;890;14.9;21;17.14285714;121.4260602;133.4800258;12.05396557;0;0;0;0
3419282;2020;Male;Control;1500;16/05/2020;23/05/2020;7;22.01225633;28.30513045;25.15869339;685;725;15.2;21.1;5.714285714;110.0054689;64.27822128;-45.72724763;0;0;0;0
3419283;2020;Male;Water;1500;16/05/2020;23/05/2020;7;20.58098234;26.5352563;23.55811932;655;790;13.7;19.6;19.28571429;107.1628905;148.5533938;41.3905033;0;0;0;0
3419284;2020;Female;Malarone;2202B;16/05/2020;23/05/2020;7;16.2793688;23.4262436;19.8528062;575;795;10.3;17.5;31.42857143;42.56839337;95.83175328;53.26335992;0;0;0;0
3419285;2020;Female;Water;2202B;16/05/2020;23/05/2020;7;15.3591501;22.62008692;18.98961851;540;720;9.5;16.7;25.71428571;33.00152094;35.55086463;2.549343693;0;0;0;0
3419286;2020;Male;Water;1231E;16/05/2020;23/05/2020;7;23.07701799;29.82952995;26.45327397;725;850;16.3;22.3;17.85714286;131.7428341;174.8202651;43.07743101;3;3;1;1
3419287;2020;Male;Malarone;1231E;16/05/2020;23/05/2020;7;25.97631996;32.88684129;29.43158063;760;790;19.1;24.5;4.285714286;125.307811;90.22781995;-35.07999108;1;0;1;0
3419289;2020;Male;Malarone;1268E;16/05/2020;23/05/2020;7;25.32421604;33.62849166;29.47635385;775;850;18.5;25;10.71428571;148.6504788;144.947208;-3.703270763;3;3;1;1
3419290;2020;Male;Control;1268E;16/05/2020;23/05/2020;7;23.07701799;30.62953756;26.85327777;720;750;16.3;22.9;4.285714286;126.7428341;67.8805283;-58.86230583;3;4;1;1
3419291;2020;Male;Water;1268E;16/05/2020;23/05/2020;7;21.24871559;28.30513045;24.77692302;600;740;14.4;21.1;20;39.13763491;79.27822128;40.14058637;4;3;1;1
3419292;2020;Male;Control;2188A;17/05/2020;31/05/2020;14;12.52730259;26.5352563;19.53127945;360;635;6.8;19.6;19.64285714;-4.746438235;-6.446606161;-1.700167925;0;0;0;0
3419293;2020;Female;Control;2188A;17/05/2020;31/05/2020;14;9.278063968;23.02012951;16.14909674;320;550;5.4;17.1;16.42857143;-9.303745232;-141.8947756;-132.5910303;0;0;0;0
3419294;2020;Male;Control;3017B;17/05/2020;31/05/2020;14;14.7003845;29.31028173;22.00533312;460;810;8.3;21.9;25;43.15164857;139.5512794;96.3996308;0;1;0;1
3419297;2020;Female;Control;201;17/05/2020;23/05/2020;6;13.30360542;20.01586195;16.65973368;440;630;7.9;14;31.66666667;-8.983814323;1.02459482;10.00840914;0;0;0;0
3419298;2020;Male;Water;201;17/05/2020;23/05/2020;6;13.14269512;19.51739943;16.33004727;380;530;7.2;12.6;25;0.313415521;4.04025729;3.726841768;0;1;0;1
3419299;2020;Female;Malarone;201;17/05/2020;23/05/2020;6;11.67565006;19.15255987;15.41410497;480;645;6.8;13.1;27.5;78.18190002;36.9258053;-41.25609472;0;0;0;0
3419300;2020;Male;Control;1374;17/05/2020;23/05/2020;6;22.7839892;28.55229852;25.66814386;735;850;16;21.3;19.16666667;146.5983558;186.8123407;40.21398493;4;3;1;1
