"Nest","ID_sample","Date","Ind_Year","Year","Ring_no","Infection_intensity","Prevalence","Weight_g","Wing_cm","Tarsus_mm","Breathing_rate","Sampling_rank","Sex","body_temperature","Ambient_Temperature_AvgC","Treatment","Growth_rate","days_resample","body_condition","Age_in_days","Infection_diff","Diff_Inf_Class","Treatment_pwater","body_condition_T0","weight_T0"
4,"009_2020_29","29/05/2020","009_2020",2020,3121009,0,0,710,NA,NA,28,2,0,40,NA,"Control",0.062005497,7,51.04348038,21.35246986,-100,"Uninfected","Control","24.90833459",460
4,"010_2020_29","29/05/2020","010_2020",2020,3121010,0,0,580,NA,NA,29,2,0,NA,NA,"Control",0.062300297,7,-42.16148651,19.72932981,-100,"Uninfected","Control","-40.39849431",375
6,"015_2020_30","30/05/2020","015_2020",2020,3121015,0,0,800,NA,NA,30,2,0,NA,NA,"Control",0.058819246,7,104.4474668,23.22238267,-100,"Uninfected","Control","25.65433376",530
13,"052_2020_29","29/05/2020","052_2020",2020,3121052,0,0,810,NA,NA,54,2,0,NA,NA,"Control",0.067577518,6,81.66875013,25.23529163,-100,"Uninfected","Control","-60.78668085",540
20,"074_2020_30","30/05/2020","074_2020",2020,3121074,0,0,490,NA,NA,37,2,0,NA,NA,"Control",0.060909962,6,-57.34262613,16.82625473,-100,"Uninfected","Control","3.648427236",340
24,"083_2020_30","30/05/2020","083_2020",2020,3121083,0,0,340,NA,NA,39,2,0,NA,NA,"Control",0.088438042,6,-100.9176387,13.02220701,-100,"Uninfected","Control","-84.37565687",200
47,"580_2016_07","07/06/2016","580_2016",2016,3414580,0,0,510,18,NA,23,2,1,NA,NA,"Control",0.024387635,11,-109.187939,24.79513877,-100,"Uninfected","Control","-67.58996718",390
48,"614_2016_07","07/06/2016","614_2016",2016,3414614,0,0,650,NA,NA,33,2,1,NA,NA,"Control",NA,10,5.899752771,26.76299649,-100,"Uninfected","Control",NA,NA
50,"636_2016_28","28/06/2016","636_2016",2016,3414636,0,0,780,NA,NA,28,2,1,NA,NA,"Control",0.031487045,25,34.35653645,40.43762616,-100,"Uninfected","Control","-24.68658448",355
56,"680_2016_23","23/06/2016","680_2016",2016,3414680,0,0,635,NA,NA,28,2,1,NA,NA,"Control",0.038332482,20,-60.46950841,32.30577233,-100,"Uninfected","Control","-77.32324121",295
56,"681_2016_23","23/06/2016","681_2016",2016,3414681,0,0,745,NA,NA,39,2,1,NA,NA,"Control",0.030474858,20,40.99483027,33.4788185,-100,"Uninfected","Control","4.391740513",405
57,"707_2016_22","22/06/2016","707_2016",2016,3414707,0,0,870,NA,NA,44,2,0,NA,NA,"Control",0.017056946,18,49.94806785,33.84288499,-100,"Uninfected","Control","75.64979345",640
72,"993_2018_02","02/06/2018","993_2018",2018,3417993,0,0,635,NA,NA,24,2,0,NA,NA,"Control",0.064248276,7,-23.95651962,21.35246986,-100,"Uninfected","Control","-51.84831425",405
74,"995_2018_02","02/06/2018","995_2018",2018,3417995,0,0,620,15,78,46,2,0,NA,NA,"Control",0.052912516,14,-30.67805205,20.96925365,-100,"Uninfected","Control","17.57255594",410
74,"996_2018_02","02/06/2018","996_2018",2018,3417996,0,0,510,NA,NA,44,2,0,NA,NA,"Control",0.075874617,14,-65.19830266,17.86867029,-100,"Uninfected","Control","-37.43201134",280
76,"500_2018_02","02/06/2018","500_2018",2018,3418500,0,0,605,NA,NA,23,2,1,NA,NA,"Control",0.05910913,7,-2.304919984,23.97271315,-100,"Uninfected","Control","-57.58996718",400
76,"502_2018_02","02/06/2018","502_2018",2018,3418502,0,0,475,13,NA,32,2,0,NA,NA,"Control",0.04362595,7,-130.6637338,19.05573556,-100,"Uninfected","Control","-17.64584655",350
78,"504_2018_03","03/06/2018","504_2018",2018,3418504,0,0,590,NA,NA,18,2,1,NA,NA,"Control",0.063790889,14,53.8684913,20.0042124,-100,"Uninfected","Control","-13.62400757",305
82,"513_2018_02","02/06/2018","513_2018",2018,3418513,0,0,695,NA,NA,33,2,1,NA,NA,"Control",0.043607516,6,63.0592196,25.75676563,-100,"Uninfected","Control","0.871423708",535
82,"515_2018_02","02/06/2018","515_2018",2018,3418515,0,0,540,NA,NA,32,2,0,NA,NA,"Control",0.118639886,6,-79.85698087,19.63360523,-100,"Uninfected","Control","-111.030841",265
84,"528_2018_07","07/06/2018","528_2018",2018,3418528,0,0,580,NA,NA,33,2,1,NA,NA,"Control",0.03625436,7,-10.03019401,22.88140447,-100,"Uninfected","Control","-10.27082555",450
85,"535_2018_09","09/06/2018","535_2018",2018,3418535,0,0,865,NA,90,32,2,0,NA,NA,"Control",0.037900804,9,96.71926866,28.33056656,-100,"Uninfected","Control","-27.17581523",615
85,"536_2018_09","09/06/2018","536_2018",2018,3418536,0,0,800,NA,NA,24,2,0,NA,NA,"Control",0.078413996,9,90.22748131,24.04831684,-100,"Uninfected","Control","-131.263495",395
86,"551_2018_15","15/06/2018","551_2018",2018,3418551,0,0,735,NA,NA,31,2,0,NA,NA,"Control",0.018077549,7,39.44746679,23.22238267,-100,"Uninfected","Control","65.58356811",610
86,"552_2018_15","15/06/2018","552_2018",2018,3418552,0,0,320,NA,NA,NA,2,NA,NA,NA,"Control",0.037190592,6,NA,NA,-100,"Uninfected","Control","-0.608259487",400
407,"553_2018_15","15/06/2018","553_2018",2018,3418553,0,0,800,NA,NA,25,2,0,NA,NA,"Control",0.050748198,6,70.03464977,25.34649034,-100,"Uninfected","Control","-22.84040122",590
407,"554_2018_15","15/06/2018","554_2018",2018,3418554,0,0,750,NA,NA,37,2,0,NA,NA,"Control",0.020047694,6,15.18267267,25.68360377,-100,"Uninfected","Control","36.02459482",665
88,"557_2018_16","16/06/2018","557_2018",2018,3418557,0,0,590,NA,84,39,2,1,NA,NA,"Control",0.011484331,8,-70.72177872,28.30513045,-100,"Uninfected","Control","61.97586796",660
89,"565_2018_15","15/06/2018","565_2018",2018,3418565,0,0,785,NA,NA,20,2,1,NA,NA,"Control",0.025161838,6,96.12028768,31.45499605,-100,"Uninfected","Control","64.67329607",675
89,"566_2018_15","15/06/2018","566_2018",2018,3418566,0,0,720,NA,NA,22,2,1,NA,NA,"Control",0.034606561,6,64.28088883,27.81888,-100,"Uninfected","Control","16.97605268",585
90,"567_2018_15","15/06/2018","567_2018",2018,3418567,0,0,650,NA,NA,38,2,1,NA,NA,"Control",0.020077987,13,12.58506349,26.19814287,-100,"Uninfected","Control","50.33890906",570
92,"573_2018_03","03/06/2018","573_2018",2018,3418573,0,0,260,NA,NA,56,2,0,NA,NA,"Control",0.015599899,7,-226.4761848,14.6256982,-100,"Uninfected","Control","-45.07571657",290
93,"574_2018_03","03/06/2018","574_2018",2018,3418574,0,0,585,NA,NA,40,2,0,NA,NA,"Control",0.061634371,7,-25.46632495,19.24915388,-100,"Uninfected","Control","2.206060101",380
94,"577_2018_03","03/06/2018","577_2018",2018,3418577,0,0,985,NA,NA,25,2,0,NA,NA,"Control",0.021900716,7,197.1401031,30.18743528,-100,"Uninfected","Control","154.9501776",845
96,"579_2018_03","03/06/2018","579_2018",2018,3418579,0,0,745,NA,NA,21,2,1,NA,NA,"Control",0.035765159,7,86.76758677,28.06066745,-100,"Uninfected","Control","36.00680394",580
96,"580_2018_03","03/06/2018","580_2018",2018,3418580,0,0,800,NA,NA,25,2,0,NA,NA,"Control",0.058819246,7,79.96906315,24.68776647,-100,"Uninfected","Control","-11.46276125",530
97,"582_2018_07","07/06/2018","582_2018",2018,3418582,0,0,490,NA,NA,35,2,1,NA,NA,"Control",0.025464033,7,-91.7840401,22.39662326,-100,"Uninfected","Control","-39.37835782",410
99,"595_2018_09","09/06/2018","595_2018",2018,3418595,0,0,745,NA,NA,33,2,1,NA,NA,"Control",0.122324327,8,84.27822128,28.30513045,-100,"Uninfected","Control","-269.7380735",280
100,"601_2018_02","02/06/2018","601_2018",2018,3418601,0,0,415,11,NA,31,2,1,NA,NA,"Control",0.056212702,7,-75.46374573,17.89143287,-100,"Uninfected","Control","-4.375656871",280
101,"602_2018_09","09/06/2018","602_2018",2018,3418602,0,0,535,NA,NA,20,2,1,NA,NA,"Control",0.120598205,7,51.76385025,17.57007175,-100,"Uninfected","Control","-68.73956554",230
109,"664_2018_16","16/06/2018","664_2018",2018,3418664,0,0,725,NA,NA,37,2,1,NA,NA,"Control",0.031540333,6,60.58806964,28.67690535,-100,"Uninfected","Control","18.2159599",600
114,"748_2019_25","25/05/2019","748_2019",2019,3418748,0,0,775,NA,84,25,2,0,NA,NA,"Control",0.034523868,6,56.65573536,24.57990115,-100,"Uninfected","Control","99.92392969",630
114,"750_2019_25","25/05/2019","750_2019",2019,3418750,0,0,690,NA,NA,36,2,1,NA,NA,"Control",0.034792469,6,82.69508002,23.97271315,-100,"Uninfected","Control","-17.85286367",560
114,"754_2019_25","25/05/2019","754_2019",2019,3418754,0,0,660,NA,NA,36,2,0,NA,NA,"Control",0.056584523,6,35.55076805,19.82493555,-100,"Uninfected","Control","-5.690090033",470
118,"797_2019_30","30/05/2019","797_2019",2019,3418797,0,0,690,NA,NA,39,2,0,NA,NA,"Control",0.054851272,7,17.06057338,22.02975194,-100,"Uninfected","Control","-2.010941517",470
64,"837_2019_01","01/06/2019","837_2019",2019,3418837,0,0,660,NA,NA,33,2,1,NA,NA,"Control",0.023471864,7,35.06718361,25.21739757,-100,"Uninfected","Control",NA,560
134,"082_2019_08","08/06/2019","082_2019",2019,3419082,0,0,1000,NA,NA,30,2,0,NA,NA,"Control",0.037190592,6,200.1679499,31.4541198,-100,"Uninfected","Control","79.96906315",800
134,"083_2019_08","08/06/2019","083_2019",2019,3419083,0,0,720,NA,NA,39,2,0,NA,NA,"Control",0.041885738,6,-8.331249869,25.23529163,-100,"Uninfected","Control","-64.44923195",560
145,"282_2020_23","23/05/2020","282_2020",2020,3419282,0,0,725,NA,NA,31,2,1,41,NA,"Control",0.008107545,7,64.27822128,28.30513045,-100,"Uninfected","Control",NA,685
149,"292_2020_31","31/05/2020","292_2020",2020,3419292,0,0,635,NA,83,NA,2,1,NA,NA,"Control",0.040537212,14,-6.446606161,26.5352563,-100,"Uninfected","Control",NA,360
149,"293_2020_31","31/05/2020","293_2020",2020,3419293,0,0,550,NA,NA,NA,2,0,NA,NA,"Control",0.03868552,14,-141.8947756,23.02012951,-100,"Uninfected","Control",NA,320
151,"297_2020_23","23/05/2020","297_2020",2020,3419297,0,0,630,14,NA,33,2,0,NA,NA,"Control",0.051550589,13,1.02459482,20.01586195,-100,"Uninfected","Control","-8.983814323",440
2,"005_2020_23","23/05/2020","005_2020",2020,3121005,1,1,820,19,NA,33,2,0,NA,NA,"Control",0.052062448,6,94.96264004,25.01461042,1,"Increase","Control","-17.53546766",600
4,"008_2020_29","29/05/2020","008_2020",2020,3121008,2,1,695,NA,NA,30,2,0,NA,NA,"Control",0.049929493,7,16.2530802,22.32358989,2,"Increase","Control","-20.29236898",490
5,"013_2020_29","29/05/2020","013_2020",2020,3121013,2,1,300,NA,NA,31,2,1,40,NA,"Control",0.020442978,7,-195.1734479,18.1022541,2,"Increase","Control",NA,260
11,"042_2020_13","13/06/2020","042_2020",2020,3121042,2,1,870,NA,NA,16,2,0,NA,NA,"Control",0.02540353,8,66.27639166,31.88889109,2,"Increase","Control","16.27102907",710
18,"067_2020_30","30/05/2020","067_2020",2020,3121067,1,1,760,NA,NA,33,2,1,NA,NA,"Control",0.0117483,7,73.35433035,31.17701834,1,"Increase","Control","94.21917413",700
19,"069_2020_27","27/05/2020","069_2020",2020,3121069,2,1,590,NA,NA,23,2,1,NA,NA,"Control",0.028029325,4,-1.648659868,22.97907634,2,"Increase","Control","13.54434171",660
19,"070_2020_27","27/05/2020","070_2020",2020,3121070,2,1,695,NA,NA,28,2,1,NA,NA,"Control",0.056235933,4,81.68604755,24.38045648,1,"Increase","Control","3.374687997",555
19,"071_2020_27","27/05/2020","071_2020",2020,3121071,1,1,620,NA,NA,26,2,1,NA,NA,"Control",0.135903862,4,55.53231706,21.43926252,1,"Increase","Control","-105.5514375",360
24,"082_2020_30","30/05/2020","082_2020",2020,3121082,1,1,560,NA,NA,32,2,0,NA,NA,"Control",0.090685267,6,-40.78668085,18.86131872,1,"Increase","Control","-39.74643824",325
27,"098_2020_06","06/06/2020","098_2020",2020,3121098,1,1,630,NA,NA,34,2,1,NA,NA,"Control",0.026413637,8,-1.940780405,25.75676563,1,"Increase","Control","-62.52114938",510
49,"627_2016_24","24/06/2016","627_2016",2016,3414627,4,1,780,NA,NA,23,2,0,NA,NA,"Control",0.044713435,21,-19.8320501,31.4541198,4,"Increase","Control","-30.07571657",305
49,"628_2016_24","24/06/2016","628_2016",2016,3414628,3,1,735,NA,NA,19,2,1,NA,NA,"Control",0.023895058,21,10.80089977,36.59261082,3,"Increase","Control","-15.27082555",445
50,"637_2016_28","28/06/2016","637_2016",2016,3414637,1,1,970,NA,NA,44,2,0,NA,NA,"Control",0.044359003,25,116.3162709,38.56124531,1,"Increase","Control","-26.31132566",320
52,"644_2016_22","22/06/2016","644_2016",2016,3414644,4,1,725,NA,NA,NA,2,0,NA,NA,"Control",0.016883606,18,-115.2003674,36.55588883,3,"Increase","Control","-48.0957119",535
53,"650_2016_28","28/06/2016","650_2016",2016,3414650,1,1,665,NA,NA,17,2,1,NA,NA,"Control",0.024331121,23,-67.80109261,38.06867553,1,"Increase","Control","-43.07201213",380
54,"672_2016_28","28/06/2016","672_2016",2016,3414672,1,1,830,NA,NA,29,2,0,NA,NA,"Control",0.042061791,25,-20.36668312,38.05395816,1,"Increase","Control","-61.78213507",290
54,"673_2016_28","28/06/2016","673_2016",2016,3414673,1,1,780,NA,85,32,2,0,NA,NA,"Control",0.051546236,25,-54.4071353,35.74095829,1,"Increase","Control","-70.63085164",215
55,"677_2016_23","23/06/2016","677_2016",2016,3414677,1,1,830,NA,NA,19,2,1,NA,NA,"Control",0.031732549,20,103.8647324,36.91699088,1,"Increase","Control","-3.757035783",440
58,"718_2016_23","23/06/2016","718_2016",2016,3414718,3,1,845,NA,NA,23,2,0,NA,NA,"Control",0.032589107,18,42.56823583,31.74327849,3,"Increase","Control","-23.46677503",470
58,"719_2016_23","23/06/2016","719_2016",2016,3414719,4,1,760,NA,NA,26,2,1,NA,NA,"Control",0.015016129,18,40.70500986,35.79141269,1,"Increase","Control","64.62394602",580
59,"720_2016_29","29/06/2016","720_2016",2016,3414720,1,1,880,NA,NA,38,2,0,NA,NA,"Control",0.036100788,24,39.7996326,36.55588883,1,"Increase","Control","-7.793939899",370
59,"721_2016_29","29/06/2016","721_2016",2016,3414721,1,1,765,NA,NA,30,2,0,NA,NA,"Control",0.03900389,24,-69.4071353,35.74095829,1,"Increase","Control","-29.30374523",300
60,"729_2016_22","22/06/2016","729_2016",2016,3414729,3,1,745,NA,NA,49,2,0,NA,NA,"Control",0.002093274,13,-73.82556174,33.6886615,2,"Increase","Control","61.98453875",725
61,"730_2016_21","21/06/2016","730_2016",2016,3414730,4,1,655,24,NA,31,2,1,NA,NA,"Control",0.012317459,12,-39.38268189,32.16223138,3,"Increase","Control","-8.269235053",565
53,"751_2016_28","28/06/2016","751_2016",2016,3414751,1,1,750,NA,NA,23,2,1,NA,NA,"Control",0.02318689,23,3.462923958,40.60959417,1,"Increase","Control","-9.378357817",440
65,"752_2016_24","24/06/2016","752_2016",2016,3414752,3,1,780,NA,NA,25,2,1,NA,NA,"Control",0.030132589,19,72.86447668,33.92982497,3,"Increase","Control","39.39174051",440
66,"753_2016_21","21/06/2016","753_2016",2016,3414753,1,1,700,NA,NA,45,2,0,NA,NA,"Control",0.052956116,16,-68.28073134,28.33056656,1,"Increase","Control","-115.3984943",300
68,"790_2016_20","20/06/2016","790_2016",2016,3414790,3,1,735,NA,NA,28,2,1,NA,NA,"Control",0.00731073,8,73.04237312,28.42837463,2,"Increase","Control","139.0777812",685
69,"822_2016_01","01/07/2016","822_2016",2016,3414822,1,1,750,NA,NA,37,2,0,NA,NA,"Control",0.030404844,14,-49.8320501,31.4541198,1,"Increase","Control","-122.8404012",490
82,"514_2018_02","02/06/2018","514_2018",2018,3418514,1,1,660,NA,NA,27,2,1,NA,NA,"Control",0.073358444,6,46.68604755,24.38045648,1,"Increase","Control","-147.5211494",425
83,"516_2018_02","02/06/2018","516_2018",2018,3418516,3,1,735,NA,NA,28,2,1,NA,NA,"Control",0.020483023,6,100.307811,25.97631996,3,"Increase","Control","21.02459482",650
88,"556_2018_16","16/06/2018","556_2018",2018,3418556,3,1,675,NA,NA,50,2,1,NA,NA,"Control",0.009763901,8,-5.975568783,30.49443565,2,"Increase","Control","62.2942849",665
88,"558_2018_16","16/06/2018","558_2018",2018,3418558,3,1,765,NA,NA,32,2,0,NA,NA,"Control",0.028442079,8,16.06023867,26.72808288,3,"Increase","Control","-58.97540518",570
91,"569_2018_15","15/06/2018","569_2018",2018,3418569,3,1,825,NA,NA,22,2,0,NA,NA,"Control",0.064574434,6,38.49891136,30.05021133,1,"Increase","Control","-9.821015959",560
91,"570_2018_15","15/06/2018","570_2018",2018,3418570,4,1,485,13,66,26,2,1,NA,NA,"Control",0.069304649,6,-49.12857629,19.90738809,4,"Increase","Control","-44.74643824",320
92,"571_2018_03","03/06/2018","571_2018",2018,3418571,3,1,545,NA,NA,27,2,0,NA,NA,"Control",0.009482153,7,-131.8229773,22.22536546,3,"Increase","Control","9.694616249",510
98,"591_2018_08","08/06/2018","591_2018",2018,3418591,3,1,865,NA,NA,15,2,0,NA,NA,"Control",0.019509915,8,62.56823583,31.74327849,3,"Increase","Control","59.34083351",740
103,"605_2018_28","28/06/2018","605_2018",2018,3418605,1,1,960,27,NA,31,2,0,NA,NA,"Control",0.033809203,19,124.4256514,35.90287746,1,"Increase","Control","4.694616249",505
105,"623_2018_16","16/06/2018","623_2018",2018,3418623,1,1,825,NA,NA,27,2,1,NA,NA,"Control",0.033445116,6,142.8805283,30.62953756,1,"Increase","Control","67.69508002",675
109,"665_2018_16","16/06/2018","665_2018",2018,3418665,1,1,460,NA,NA,44,2,1,NA,NA,"Control",0.045548889,6,-70.07607031,19.71297125,1,"Increase","Control","-40.35669457",350
118,"794_2019_30","30/05/2019","794_2019",2019,3418794,4,1,710,NA,NA,38,2,1,39,NA,"Control",0.032634177,7,79.44586158,25.64782028,3,"Increase","Control","60.65433376",565
118,"796_2019_30","30/05/2019","796_2019",2019,3418796,3,1,680,NA,NA,46,2,1,NA,NA,"Control",0.021497279,7,29.38117553,27.34319786,3,"Increase","Control","50.87142371",585
64,"836_2019_01","01/06/2019","836_2019",2019,3418836,2,1,765,NA,NA,37,2,0,NA,NA,"Control",0.018942589,7,22.258737,26.25757587,2,"Increase","Control","47.83851349",670
130,"051_2019_08","08/06/2019","051_2019",2019,3419051,3,1,845,NA,NA,23,2,1,NA,NA,"Control",0.015145456,7,172.1750685,29.56850294,3,"Increase","Control","149.6732961",760
130,"052_2019_08","08/06/2019","052_2019",2019,3419052,2,1,750,NA,NA,32,2,1,NA,NA,"Control",0.019348282,7,91.76758677,28.06066745,1,"Increase","Control","86.97605268",655
130,"053_2019_08","08/06/2019","053_2019",2019,3419053,4,1,760,NA,80,25,2,0,NA,NA,"Control",0.038612904,7,50.22748131,24.04831684,1,"Increase","Control","15.64979345",580
131,"054_2019_10","10/06/2019","054_2019",2019,3419054,3,1,795,NA,NA,24,2,1,NA,NA,"Control",0.005002631,9,50.25321452,40.26597516,3,"Increase","Control","99.27822128",760
131,"055_2019_10","10/06/2019","055_2019",2019,3419055,4,1,730,NA,NA,30,2,1,NA,NA,"Control",0.003086618,9,0.03489977,37.57208562,4,"Increase","Control","60.6719505",710
131,"056_2019_10","10/06/2019","056_2019",2019,3419056,4,1,565,22,NA,30,2,1,NA,NA,"Control",0.038373465,9,-106.6395263,29.4390424,4,"Increase","Control","-147.8371095",400
134,"081_2019_08","08/06/2019","081_2019",2019,3419081,1,1,930,NA,NA,37,2,0,NA,NA,"Control",0.025095476,6,184.1442204,26.49154533,1,"Increase","Control","78.29138658",800
136,"118_2019_14","14/06/2019","118_2019",2019,3419118,3,1,670,NA,NA,20,2,1,40,NA,"Control",0.018165025,7,6.81234073,28.55229852,1,"Increase","Control","11.58866993",590
137,"162_2019_25","25/06/2019","162_2019",2019,3419162,2,1,700,NA,NA,11,2,1,NA,NA,"Control",0.040698936,16,30.747535,29.18221909,2,"Increase","Control",NA,365
137,"163_2019_25","25/06/2019","163_2019",2019,3419163,3,1,690,NA,NA,11,2,1,NA,NA,"Control",0.054175667,16,15.99501498,29.69866497,3,"Increase","Control",NA,290
139,"187_2019_14","14/06/2019","187_2019",2019,3419187,2,1,880,NA,NA,18,2,0,NA,NA,"Control",0.016929965,6,82.78932851,31.16773328,2,"Increase","Control","74.96906315",795
139,"190_2019_14","14/06/2019","190_2019",2019,3419190,3,1,680,19,84,32,2,1,41,NA,"Control",0.01810564,6,46.67989502,25.86626295,2,"Increase","Control","-9.856980873",610
141,"265_2019_25","25/06/2019","265_2019",2019,3419265,3,1,690,NA,NA,16,2,0,NA,NA,"Control",0.029602413,14,-9.168246718,23.4262436,1,"Increase","Control","25.637331",555
142,"272_2019_25","25/06/2019","272_2019",2019,3419272,2,1,655,NA,NA,12,2,1,NA,NA,"Control",0.069624825,16,30.06718361,25.21739757,2,"Increase","Control",NA,215
143,"275_2020_29","29/05/2020","275_2020",2020,3419275,2,1,830,NA,NA,33,2,1,NA,NA,"Control",0.033065889,13,142.2349222,31.31565472,2,"Increase","Control","-60.78668085",540
143,"276_2020_29","29/05/2020","276_2020",2020,3419276,1,1,785,NA,NA,22,2,0,NA,NA,"Control",0.037838278,13,1.234264355,29.77788503,1,"Increase","Control","-108.2526079",480
148,"290_2020_23","23/05/2020","290_2020",2020,3419290,4,1,750,NA,NA,33,2,1,NA,NA,"Control",0.004535777,9,67.8805283,30.62953756,1,"Increase","Control","126.7428341",720
150,"294_2020_31","31/05/2020","294_2020",2020,3419294,1,1,810,NA,NA,NA,2,1,NA,NA,"Control",0.04041484,14,139.5512794,29.31028173,1,"Increase","Control","-4.520977855",460
26,"094_2020_06","06/06/2020","094_2020",2020,3121094,4,1,510,NA,NA,48,2,1,NA,NA,"Control",0.019883087,8,-121.9407804,25.75676563,0,"Stable","Control","-86.77755109",435
28,"103_2020_06","06/06/2020","103_2020",2020,3121103,3,1,720,NA,NA,28,2,1,NA,NA,"Control",0.029201856,8,85.30781103,25.97631996,0,"Stable","Control","-15.68472744",570
34,"198_2020_21","21/06/2020","198_2020",2020,3121198,3,1,800,NA,NA,39,2,0,NA,NA,"Control",0.024610018,4,-49.25318244,37.88568889,0,"Stable","Control","20.99483027",725
34,"199_2020_21","21/06/2020","199_2020",2020,3121199,3,1,970,29,NA,27,2,0,NA,NA,"Control",0.015962868,4,111.9472616,39.2430009,0,"Stable","Control","82.68858539",910
41,"254_2020_23","23/06/2020","254_2020",2020,3121254,2,1,820,NA,NA,30,2,0,NA,NA,"Control",0.021121089,11,26.76281644,30.7433887,0,"Stable","Control","51.68049739",650
44,"269_2020_21","21/06/2020","269_2020",2020,3121269,3,1,670,NA,NA,35,2,1,NA,NA,"Control",0.005050892,6,-57.09799945,37.07998535,0,"Stable","Control","-28.67263406",650
48,"613_2016_07","07/06/2016","613_2016",2016,3414613,1,1,745,NA,NA,24,2,1,NA,NA,"Control",NA,10,65.1733623,30.36004122,0,"Stable","Control",NA,NA
51,"641_2016_20","20/06/2016","641_2016",2016,3414641,3,1,800,NA,87,29,2,0,NA,NA,"Control",0.018503145,16,-49.25318244,37.88568889,0,"Stable","Control",NA,595
66,"754_2016_21","21/06/2016","754_2016",2016,3414754,2,1,655,NA,NA,32,2,1,NA,NA,"Control",0.02927988,16,-42.62969756,32.59493102,0,"Stable","Control","-25.09166541",410
67,"771_2016_21","21/06/2016","771_2016",2016,3414771,1,1,770,NA,NA,27,2,1,NA,NA,"Control",0.009972629,11,57.729117,34.69453752,0,"Stable","Control","87.2942849",690
69,"821_2016_01","01/07/2016","821_2016",2016,3414821,1,1,775,NA,NA,35,2,0,NA,NA,"Control",0.006257004,14,-51.11307559,34.62333657,0,"Stable","Control","44.97454078",710
92,"572_2018_03","03/06/2018","572_2018",2018,3418572,3,1,750,NA,NA,24,2,1,NA,NA,"Control",0.029516321,7,118.0592196,25.75676563,0,"Stable","Control","92.47264663",610
114,"749_2019_25","25/05/2019","749_2019",2019,3418749,3,1,660,NA,NA,29,2,0,NA,NA,"Control",0.027383842,6,-42.74287169,23.63179823,0,"Stable","Control","-12.52114938",560
118,"795_2019_30","30/05/2019","795_2019",2019,3418795,4,1,695,NA,NA,34,2,1,NA,NA,"Control",0.032134819,7,58.942892,26.08694416,0,"Stable","Control","-28.0957119",555
136,"116_2019_14","14/06/2019","116_2019",2019,3419116,3,1,875,NA,NA,21,2,0,NA,NA,"Control",0.01826191,7,67.4323893,32.32982688,0,"Stable","Control","49.96906315",770
136,"117_2019_14","14/06/2019","117_2019",2019,3419117,3,1,750,NA,NA,23,2,1,NA,NA,"Control",0.016113642,7,43.90376791,33.77882856,0,"Stable","Control","32.58506349",670
139,"188_2019_14","14/06/2019","188_2019",2019,3419188,4,1,NA,NA,NA,28,2,1,NA,NA,"Control",NA,6,NA,32.30577233,0,"Stable","Control","109.4458616",740
139,"189_2019_14","14/06/2019","189_2019",2019,3419189,3,1,840,NA,NA,24,2,1,NA,NA,"Control",0.011286362,6,167.1750685,29.56850294,0,"Stable","Control","93.10522443",785
141,"266_2019_25","25/06/2019","266_2019",2019,3419266,3,1,675,NA,NA,10,2,0,NA,NA,"Control",0.034882341,14,-3.746919795,22.32358989,0,"Stable","Control","39.69461625",540
14,"056_2020_29","29/05/2020","056_2020",2020,3121056,1,1,520,NA,NA,30,2,1,40,NA,"Control",0.031673934,6,-91.82459571,24.27789613,-1,"Decrease","Control","-104.1285763",430
44,"268_2020_21","21/06/2020","268_2020",2020,3121268,2,1,900,NA,NA,25,2,0,NA,NA,"Control",0.023850141,6,45.21831652,38.73113114,-1,"Decrease","Control","-26.29148882",780
47,"579_2016_07","07/06/2016","579_2016",2016,3414579,0,0,685,NA,NA,16,2,1,NA,NA,"Control",0.016441426,11,19.36950612,28.8021981,-1,"Decrease","Control","-23.81383316",485
62,"735_2016_21","21/06/2016","735_2016",2016,3414735,0,0,680,NA,NA,28,2,1,NA,NA,"Control",0.008372544,12,-53.73962647,38.23516009,-3,"Decrease","Control","-2.731771422",615
63,"736_2016_21","21/06/2016","736_2016",2016,3414736,1,1,715,NA,NA,35,2,1,NA,NA,"Control",0.013235299,12,30.60763223,30.90186386,-3,"Decrease","Control","56.50097818",610
63,"737_2016_21","21/06/2016","737_2016",2016,3414737,2,1,765,NA,NA,33,2,1,NA,NA,"Control",0.046091759,12,126.2342522,26.30992321,-1,"Decrease","Control","23.15164857",440
71,"832_2016_28","28/06/2016","832_2016",2016,3414832,1,1,615,NA,NA,NA,2,1,NA,NA,"Control",0.004149973,10,-136.8355291,41.64734735,-2,"Decrease","Control","-99.98961377",590
87,"555_2018_16","16/06/2018","555_2018",2018,3418555,0,0,720,NA,NA,29,2,0,NA,NA,"Control",0.002945612,7,-30.47048753,26.84732698,-2,"Decrease","Control","84.32194795",735
89,"564_2018_15","15/06/2018","564_2018",2018,3418564,0,0,890,NA,93,21,2,0,NA,NA,"Control",0.027417286,6,99.43996973,30.46400219,-1,"Decrease","Control","72.44014125",755
90,"568_2018_22","22/06/2018","568_2018",2018,3418568,3,1,585,NA,NA,31,3,1,NA,NA,"Control",0.0292421,13,-65.61882447,27.34319786,-1,"Decrease","Control","-104.9945311",470
98,"592_2018_08","08/06/2018","592_2018",2018,3418592,1,1,925,NA,NA,15,2,0,NA,NA,"Control",0.012795252,8,109.8825002,33.22982393,-2,"Decrease","Control","135.8317533",835
143,"277_2020_29","29/05/2020","277_2020",2020,3419277,2,1,670,NA,NA,25,2,1,NA,NA,"Control",0.028927017,13,33.942892,26.08694416,-2,"Decrease","Control","-33.46677503",460
147,"288_2020_23","23/05/2020","288_2020",2020,3419288,1,1,930,NA,NA,24,2,0,NA,NA,"Control",NA,NA,117.3790499,32.92717603,-2,"Decrease","Control",NA,NA
152,"300_2020_23","23/05/2020","300_2020",2020,3419300,3,1,850,NA,NA,38,2,0,NA,NA,"Control",0.018170731,8,89.01805578,27.70064599,-1,"Decrease","Control","146.5983558",735
7,"017_2020_21","21/06/2020","017_2020",2020,3121017,0,0,710,NA,NA,33,2,1,NA,NA,"Control",0.035877976,28,-19.96510023,37.57208562,NA,NA,"Control",NA,260
24,"081_2020_30","30/05/2020","081_2020",2020,3121081,0,0,620,NA,NA,32,2,0,NA,NA,"Control",0.077262123,6,9.53367505,19.24915388,NA,NA,"Control","-66.84831425",390
5,"012_2020_29","29/05/2020","012_2020",2020,3121012,0,0,595,NA,NA,25,2,1,40,NA,"Control",0.036762131,7,11.54578553,22.49314803,-100,"Uninfected","Water","-43.66973253",460
17,"064_2020_30","30/05/2020","064_2020",2020,3121064,0,0,780,17,NA,38,2,0,NA,NA,"Control",0.06210507,7,89.95017759,22.91957811,-100,"Uninfected","Water","-11.77844644",505
20,"073_2020_30","30/05/2020","073_2020",2020,3121073,0,0,630,NA,NA,19,2,0,41,NA,"Control",0.065605108,6,3.279540764,19.92044037,-100,"Uninfected","Water","14.52712074",425
22,"077_2020_29","29/05/2020","077_2020",2020,3121077,0,0,670,NA,NA,26,2,1,NA,NA,"Control",0.041298384,5,68.84551438,23.57122108,-100,"Uninfected","Water","42.91739033",545
25,"088_2020_30","30/05/2020","088_2020",2020,3121088,0,0,580,12,NA,NA,2,0,NA,NA,"Control",0.081818386,6,-0.485210513,18.0704896,-100,"Uninfected","Water","2.047204316",355
37,"211_2020_13","13/06/2020","211_2020",2020,3121211,0,0,605,NA,81,17,2,1,NA,NA,"Control",0.056907208,6,-19.93281639,25.21739757,-100,"Uninfected","Water","-115.9222188",430
104,"617_2018_16","16/06/2018","617_2018",2018,3418617,0,0,675,NA,NA,19,2,1,NA,NA,"Control",0.017880457,13,34.89038601,26.42229211,-100,"Uninfected","Water","-1.131508699",535
111,"668_2018_16","16/06/2018","668_2018",2018,3418668,0,0,620,NA,NA,29,2,1,NA,NA,"Control",0.049748831,6,12.69508002,23.97271315,-100,"Uninfected","Water","-35.17344793",460
111,"669_2018_16","16/06/2018","669_2018",2018,3418669,0,0,520,NA,NA,25,2,1,NA,NA,"Control",0.061287463,6,-3.87701137,19.41913063,-100,"Uninfected","Water","-12.32324121",360
144,"279_2020_23","23/05/2020","279_2020",2020,3419279,0,0,600,NA,NA,22,2,0,NA,NA,"Control",0.037957595,7,-99.16824672,23.4262436,-100,"Uninfected","Water",NA,460
145,"283_2020_23","23/05/2020","283_2020",2020,3419283,0,0,790,NA,88,34,2,0,NA,NA,"Control",0.026771101,7,55.18267267,25.68360377,-100,"Uninfected","Water","107.1628905",655
146,"285_2020_23","23/05/2020","285_2020",2020,3419285,0,0,720,NA,79,36,2,0,NA,NA,"Control",0.041097439,7,35.55086463,22.62008692,-100,"Uninfected","Water","33.00152094",540
1,"002_2020_23","23/05/2020","002_2020",2020,3121002,4,1,770,NA,NA,34,2,1,NA,NA,"Control",0.039806716,8,143.6504788,25.32421604,3,"Increase","Water",NA,560
3,"007_2020_29","29/05/2020","007_2020",2020,3121007,3,1,620,NA,NA,33,2,0,NA,NA,"Control",0.079657384,7,-34.84451842,21.16060379,3,"Increase","Water","-105.7080389",355
13,"051_2020_29","29/05/2020","051_2020",2020,3121051,1,1,750,NA,NA,31,2,1,NA,NA,"Control",0.050184182,6,112.5850635,26.19814287,1,"Increase","Water","12.95016902",555
14,"055_2020_29","29/05/2020","055_2020",2020,3121055,1,1,800,NA,NA,24,2,0,NA,NA,"Control",0.047947012,6,54.14422035,26.49154533,1,"Increase","Water","-54.84451842",600
15,"057_2020_29","29/05/2020","057_2020",2020,3121057,2,1,770,NA,NA,28,2,1,NA,NA,"Control",0.018283153,6,121.9691313,27.1092284,2,"Increase","Water","45.67698454",690
18,"066_2020_30","30/05/2020","066_2020",2020,3121066,1,1,830,21,NA,41,2,0,NA,NA,"Control",0.023318271,7,73.4800258,27.33091006,1,"Increase","Water","69.3551518",705
21,"075_2020_30","30/05/2020","075_2020",2020,3121075,1,1,600,NA,NA,28,2,0,NA,NA,"Control",0.047947012,6,-54.84451842,21.16060379,1,"Increase","Water","6.242964217",450
28,"102_2020_06","06/06/2020","102_2020",2020,3121102,3,1,940,NA,NA,36,2,0,40,NA,"Control",0.02094222,8,161.7773789,29.24172098,2,"Increase","Water","134.0074628",795
29,"108_2020_06","06/06/2020","108_2020",2020,3121108,3,1,960,NA,NA,19,2,0,NA,NA,"Control",0.028382181,8,172.1401031,30.18743528,1,"Increase","Water","99.97454078",765
33,"141_2020_13","13/06/2020","141_2020",2020,3121141,3,1,685,NA,87,20,2,1,40,NA,"Control",0.018927026,7,46.23425221,26.30992321,3,"Increase","Water","-3.234659055",600
36,"209_2020_13","13/06/2020","209_2020",2020,3121209,3,1,610,NA,NA,34,2,1,NA,NA,"Control",0.050701896,6,15.14416615,23.17524242,3,"Increase","Water","-49.79978817",450
45,"274_2020_23","23/06/2020","274_2020",2020,3121274,3,1,790,NA,NA,29,2,1,NA,NA,"Control",0.032330447,7,72.69271069,35.4749891,2,"Increase","Water","-23.18140774",630
75,"998_2018_10","10/06/2018","998_2018",2018,3417998,3,1,710,NA,NA,16,2,0,NA,NA,"Control",0.032661263,15,-56.83445931,28.20319993,3,"Increase","Water","-17.94064149",435
75,"999_2018_10","10/06/2018","999_2018",2018,3417999,3,1,620,NA,NA,26,2,1,NA,NA,"Control",0.027570821,15,-55.17973486,29.82952995,3,"Increase","Water","19.64330543",410
102,"604_2018_15","15/06/2018","604_2018",2018,3418604,1,1,630,NA,NA,27,2,1,NA,NA,"Control",0.03851862,6,6.491608934,25.11108959,1,"Increase","Water","-17.52735337",500
106,"632_2018_16","16/06/2018","632_2018",2018,3418632,3,1,680,NA,NA,26,2,1,NA,NA,"Control",0.025714799,11,39.89038601,26.42229211,3,"Increase","Water","-51.53247517",520
106,"633_2018_16","16/06/2018","633_2018",2018,3418633,3,1,445,NA,NA,43,2,1,NA,NA,"Control",0.029384274,11,-114.0408845,21.15345387,3,"Increase","Water","-93.2775586",380
110,"666_2018_16","16/06/2018","666_2018",2018,3418666,3,1,835,NA,NA,28,2,0,NA,NA,"Control",0.009692653,6,33.8654072,31.59835384,1,"Increase","Water","161.6226102",885
151,"298_2020_23","23/05/2020","298_2020",2020,3419298,1,1,530,NA,NA,48,2,1,NA,NA,"Control",0.055317128,13,4.04025729,19.51739943,1,"Increase","Water","0.313415521",380
10,"027_2020_04","04/06/2020","027_2020",2020,3121027,4,1,395,NA,80,48,2,1,NA,NA,"Control",0.03248339,6,-203.024132,23.37259065,0,"Stable","Water","-39.66109094",480
11,"040_2020_13","13/06/2020","040_2020",2020,3121040,3,1,790,NA,NA,10,2,0,NA,NA,"Control",0.041900902,8,21.71926866,28.33056656,0,"Stable","Water","-8.269235053",565
23,"080_2020_30","30/05/2020","080_2020",2020,3121080,1,1,850,NA,NA,30,2,0,NA,NA,"Control",0.044710664,6,167.4401413,22.52093812,0,"Stable","Water","61.74739208",650
40,"228_2020_16","16/06/2020","228_2020",2020,3121228,1,1,915,NA,NA,31,2,0,NA,NA,"Control",0.005571737,7,84.12071789,35.25852979,0,"Stable","Water","121.985659",880
43,"263_2020_22","22/06/2020","263_2020",2020,3121263,3,1,870,NA,NA,28,2,1,NA,NA,"Control",0.013780038,7,142.9020005,37.07998535,0,"Stable","Water","20.27961575",790
46,"280_2020_23","23/06/2020","280_2020",2020,3121280,3,1,660,NA,NA,36,2,1,NA,NA,"Control",0.011254411,7,-52.270883,34.69453752,0,"Stable","Water","-39.3280495",610
107,"652_2018_16","16/06/2018","652_2018",2018,3418652,1,1,740,25,NA,25,2,1,NA,NA,"Control",0.001122339,6,34.94720802,33.62849166,0,"Stable","Water","102.2232057",745
108,"663_2018_18","18/06/2018","663_2018",2018,3418663,3,1,650,NA,NA,29,2,1,NA,NA,"Control",0.043218234,8,19.44586158,25.64782028,0,"Stable","Water","-35.17344793",460
147,"286_2020_23","23/05/2020","286_2020",2020,3419286,3,1,850,NA,NA,35,2,0,39,NA,"Control",0.022723528,7,74.58600127,28.97787742,0,"Stable","Water","131.7428341",725
2,"004_2020_23","23/05/2020","004_2020",2020,3121004,1,1,780,NA,NA,40,2,0,NA,NA,"Control",0.032970957,6,48.40899441,25.45827068,-1,"Decrease","Water",NA,640
8,"018_2020_31","31/05/2020","018_2020",2020,3121018,0,0,850,NA,NA,30,2,1,NA,NA,"Control",0.00866066,7,131.6969708,35.63290422,-1,"Decrease","Water","51.06023867",800
12,"045_2020_13","13/06/2020","045_2020",2020,3121045,0,0,880,NA,NA,29,2,0,NA,NA,"Control",0.032691653,7,96.23426435,29.77788503,-4,"Decrease","Water","17.44014125",700
16,"062_2020_30","30/05/2020","062_2020",2020,3121062,0,0,770,NA,NA,36,2,0,NA,NA,"Control",0.058854256,7,97.06057338,22.02975194,-2,"Decrease","Water","-6.778446438",510
26,"093_2020_06","06/06/2020","093_2020",2020,3121093,3,1,750,NA,NA,42,2,1,NA,NA,"Control",0.015035771,8,67.8805283,30.62953756,-1,"Decrease","Water","59.21917413",665
27,"097_2020_06","06/06/2020","097_2020",2020,3121097,3,1,810,NA,NA,33,2,0,NA,NA,"Control",0.017354556,8,31.77737893,29.24172098,-1,"Decrease","Water","46.04348038",705
30,"121_2020_06","06/06/2020","121_2020",2020,3121121,2,1,650,NA,NA,30,2,0,NA,NA,"Control",0.072975089,7,39.53367505,19.24915388,-1,"Decrease","Water","21.43770713",390
39,"227_2020_16","16/06/2020","227_2020",2020,3121227,3,1,690,NA,NA,33,2,1,NA,NA,"Control",0.015281731,7,23.15659722,28.9281796,-1,"Decrease","Water","34.88621551",620
42,"257_2020_26","26/06/2020","257_2020",2020,3121257,1,1,760,24,NA,24,2,1,NA,NA,"Control",0.015889376,7,65.61731811,32.16223138,-1,"Decrease","Water","62.26822858",680
104,"618_2018_22","22/06/2018","618_2018",2018,3418618,1,1,945,NA,87,40,3,0,NA,NA,"Control",0.020385636,13,123.7264601,33.99773844,-2,"Decrease","Water","50.27961575",820
144,"278_2020_23","23/05/2020","278_2020",2020,3419278,0,0,620,NA,NA,27,2,1,NA,NA,"Control",0.013270535,7,-24.10024723,26.76299649,-2,"Decrease","Water","39.04025729",565
148,"291_2020_23","23/05/2020","291_2020",2020,3419291,3,1,740,NA,NA,28,2,0,NA,NA,"Control",0.023302281,9,-18.01434097,27.45347792,-1,"Decrease","Water","39.13763491",600
32,"138_2020_13","13/06/2020","138_2020",2020,3121138,3,1,645,NA,NA,32,2,1,NA,NA,"Control",0.02805333,7,-15.72177872,28.30513045,NA,NA,"Water","-56.76288397",530
3,"006_2020_29","29/05/2020","006_2020",2020,3121006,0,0,670,NA,NA,31,2,1,NA,NA,"Malarone",0.050649288,7,70.40600498,23.47173945,-100,"Uninfected","Malarone","-30.30538375",470
5,"011_2020_29","29/05/2020","011_2020",2020,3121011,0,0,665,NA,NA,26,2,1,NA,NA,"Malarone",0.040739849,7,33.0592196,25.75676563,-100,"Uninfected","Malarone","-17.52735337",500
13,"053_2020_29","29/05/2020","053_2020",2020,3121053,0,0,830,NA,NA,17,2,0,NA,NA,"Malarone",0.055477383,6,81.06023867,26.72808288,-100,"Uninfected","Malarone","-42.836938",595
20,"072_2020_30","30/05/2020","072_2020",2020,3121072,0,0,710,NA,NA,31,2,0,NA,NA,"Malarone",0.056784423,6,67.82418477,20.58760999,-100,"Uninfected","Malarone","25.67329591",505
22,"078_2020_29","29/05/2020","078_2020",2020,3121078,0,0,625,NA,NA,29,2,1,NA,NA,"Malarone",0.050720552,5,48.29148638,22.10811737,-100,"Uninfected","Malarone","27.41003282",485
25,"089_2020_30","30/05/2020","089_2020",2020,3121089,0,0,690,NA,NA,34,2,0,NA,NA,"Malarone",0.076890928,6,81.9258053,19.15255987,-100,"Uninfected","Malarone","-9.976580358",435
77,"503_2018_03","03/06/2018","503_2018",2018,3418503,0,0,815,NA,NA,20,2,0,NA,NA,"Malarone",0.044693969,8,100.0564562,24.36574504,-100,"Uninfected","Malarone","34.52910777",570
81,"512_2018_03","03/06/2018","512_2018",2018,3418512,0,0,460,NA,73,41,2,1,NA,NA,"Malarone",0.045299423,7,-99.04088454,21.15345387,-100,"Uninfected","Malarone","-41.03084097",335
84,"526_2018_07","07/06/2018","526_2018",2018,3418526,0,0,775,NA,NA,28,2,1,NA,NA,"Malarone",0.029591887,7,119.2808888,27.81888,-100,"Uninfected","Malarone","70.95911546",630
84,"527_2018_07","07/06/2018","527_2018",2018,3418527,0,0,690,NA,NA,38,2,1,NA,NA,"Malarone",0.024809071,7,39.38117553,27.34319786,-100,"Uninfected","Malarone","28.374688",580
95,"578_2018_03","03/06/2018","578_2018",2018,3418578,0,0,560,NA,NA,32,2,0,NA,NA,"Malarone",0.005013046,7,-114.8871951,22.12742381,-100,"Uninfected","Malarone","41.51890669",580
115,"755_2019_25","25/05/2019","755_2019",2019,3418755,0,0,775,NA,NA,27,2,0,NA,NA,"Malarone",0.039900679,6,30.69762406,26.37424215,-100,"Uninfected","Malarone","-23.4373752",610
116,"760_2019_26","26/05/2019","760_2019",2019,3418760,0,0,665,22,NA,29,2,1,NA,NA,"Malarone",0.001070096,7,-6.639526339,29.4390424,-100,"Uninfected","Malarone","75.14416615",670
116,"761_2019_26","26/05/2019","761_2019",2019,3418761,0,0,845,NA,NA,30,2,0,NA,NA,"Malarone",0.013278016,7,53.09854504,30.60334352,-100,"Uninfected","Malarone","81.80601549",770
116,"762_2019_26","26/05/2019","762_2019",2019,3418762,0,0,630,NA,NA,36,2,1,NA,NA,"Malarone",0.00578448,7,-23.18140774,27.57973541,-100,"Uninfected","Malarone","44.13763491",605
119,"818_2019_30","30/05/2019","818_2019",2019,3418818,0,0,775,NA,85,44,2,1,NA,NA,"Malarone",0.013423144,6,72.04666831,33.32981313,-100,"Uninfected","Malarone","86.49022688",840
119,"819_2019_30","30/05/2019","819_2019",2019,3418819,0,0,790,NA,NA,36,2,1,NA,NA,"Malarone",0,6,105.6076322,30.90186386,-100,"Uninfected","Malarone","89.03936318",790
122,"838_2019_02","02/06/2019","838_2019",2019,3418838,0,0,895,NA,NA,13,2,0,NA,NA,"Malarone",0.021490458,7,93.8654072,31.59835384,-100,"Uninfected","Malarone","69.03936318",770
123,"879_2019_02","02/06/2019","879_2019",2019,3418879,0,0,735,NA,NA,42,2,1,NA,NA,"Malarone",0.028991549,7,66.94929068,29.05485246,-100,"Uninfected","Malarone","-70.97952238",600
123,"880_2019_02","02/06/2019","880_2019",2019,3418880,0,0,1000,25,NA,32,2,0,NA,NA,"Malarone",0.030103004,7,188.6347945,32.77683913,-100,"Uninfected","Malarone","84.96264004",810
123,"881_2019_02","02/06/2019","881_2019",2019,3418881,0,0,780,NA,NA,43,2,1,NA,NA,"Malarone",0.00848906,7,82.37030244,32.59493102,-100,"Uninfected","Malarone","14.96906315",735
123,"882_2019_02","02/06/2019","882_2019",2019,3418882,0,0,700,NA,NA,31,2,1,NA,NA,"Malarone",0.055395076,7,72.24141122,25.43155368,-100,"Uninfected","Malarone","-22.49685345",475
125,"931_2019_07","07/06/2019","931_2019",2019,3418931,0,0,705,NA,NA,41,2,1,NA,NA,"Malarone",0.0212922,10,32.17506845,29.56850294,-100,"Uninfected","Malarone","-92.55985875",590
126,"939_2019_08","08/06/2019","939_2019",2019,3418939,0,0,875,NA,NA,26,2,0,NA,NA,"Malarone",0.059979121,7,168.7226685,23.83912942,-100,"Uninfected","Malarone","30.58356811",575
127,"969_2019_06","06/06/2019","969_2019",2019,3418969,0,0,670,NA,NA,28,2,1,NA,NA,"Malarone",0.008283894,7,-8.672634059,30.22635399,-100,"Uninfected","Malarone","33.17702267",710
127,"970_2019_06","06/06/2019","970_2019",2019,3418970,0,0,700,NA,NA,29,2,1,NA,NA,"Malarone",0.024422543,7,29.55127937,29.31028173,-100,"Uninfected","Malarone","11.58866993",590
129,"040_2019_07","07/06/2019","040_2019",2019,3419040,0,0,840,NA,NA,15,2,0,NA,NA,"Malarone",0.012516314,10,46.76281644,30.7433887,-100,"Uninfected","Malarone","29.96906315",750
132,"063_2019_08","08/06/2019","063_2019",2019,3419063,0,0,810,NA,NA,26,2,0,NA,NA,"Malarone",0.022906093,7,7.56823583,31.74327849,-100,"Uninfected","Malarone","65.06718361",690
145,"281_2020_23","23/05/2020","281_2020",2020,3419281,0,0,890,21,87,31,2,0,NA,NA,"Malarone",0.020690135,7,133.4800258,27.33091006,-100,"Uninfected","Malarone","121.4260602",770
146,"284_2020_23","23/05/2020","284_2020",2020,3419284,0,0,795,NA,NA,22,2,0,39,NA,"Malarone",0.046281725,7,95.83175328,23.4262436,-100,"Uninfected","Malarone","42.56839337",575
147,"287_2020_23","23/05/2020","287_2020",2020,3419287,0,0,790,NA,NA,23,2,1,NA,NA,"Malarone",0.005530645,7,90.22781995,32.88684129,-100,"Uninfected","Malarone","125.307811",760
151,"299_2020_23","23/05/2020","299_2020",2020,3419299,0,0,645,NA,NA,26,2,0,NA,NA,"Malarone",0.043047368,13,36.9258053,19.15255987,-100,"Uninfected","Malarone","115.2535618",480
1,"001_2020_23","23/05/2020","001_2020",2020,3121001,1,1,890,NA,NA,29,2,0,NA,NA,"Malarone",0.045187748,8,171.6557354,24.57990115,1,"Increase","Malarone","26.67367543",620
2,"003_2020_23","23/05/2020","003_2020",2020,3121003,1,1,650,NA,NA,33,2,1,NA,NA,"Malarone",0.043727377,6,47.2942849,23.67104753,1,"Increase","Malarone",NA,500
16,"061_2020_30","30/05/2020","061_2020",2020,3121061,1,1,680,NA,NA,33,2,1,NA,NA,"Malarone",0.058977888,7,55.06718361,25.21739757,1,"Increase","Malarone","-133.0957119",450
18,"068_2020_30","30/05/2020","068_2020",2020,3121068,1,1,880,NA,NA,32,2,0,40,NA,"Malarone",0.020006582,7,97.61091256,29.64278312,1,"Increase","Malarone","73.10522443",765
21,"076_2020_30","30/05/2020","076_2020",2020,3121076,2,1,740,NA,NA,53,2,0,39,NA,"Malarone",0.030837986,6,72.97730478,21.73822213,1,"Increase","Malarone","73.53723875",615
23,"079_2020_30","30/05/2020","079_2020",2020,3121079,1,1,820,NA,NA,32,2,0,NA,NA,"Malarone",0.045258782,6,96.62261019,24.9051131,1,"Increase","Malarone","73.374688",625
43,"264_2020_22","22/06/2020","264_2020",2020,3121264,2,1,630,NA,NA,42,2,1,NA,NA,"Malarone",0.030187013,7,-28.23241323,28.06066745,2,"Increase","Malarone","-73.45421447",510
45,"275_2020_23","23/06/2020","275_2020",2020,3121275,2,1,750,NA,NA,27,2,1,NA,NA,"Malarone",0.033073114,7,51.29686602,32.74054362,2,"Increase","Malarone","-29.93281639",595
73,"994_2018_02","02/06/2018","994_2018",2018,3417994,3,1,810,22,NA,23,2,0,NA,NA,"Malarone",0.037040371,7,38.84652164,28.58738987,1,"Increase","Malarone","-23.57393978",625
81,"510_2018_03","03/06/2018","510_2018",2018,3418510,3,1,695,NA,NA,22,2,0,NA,NA,"Malarone",0.033427652,7,-25.03093685,24.68776647,3,"Increase","Malarone","-27.85286367",550
81,"511_2018_03","03/06/2018","511_2018",2018,3418511,3,1,505,NA,NA,35,2,1,NA,NA,"Malarone",0.016472978,7,-97.7057151,23.67104753,3,"Increase","Malarone","-20.72747593",450
120,"835_2019_01","01/06/2019","835_2019",2019,3418835,1,1,745,NA,NA,35,2,0,NA,NA,"Malarone",0.014095933,7,2.258737005,26.25757587,1,"Increase","Malarone","34.9861425",675
124,"887_2019_02","02/06/2019","887_2019",2019,3418887,3,1,565,NA,NA,34,2,0,NA,NA,"Malarone",0.054797485,7,-87.76818341,21.06487178,3,"Increase","Malarone",NA,385
128,"034_2019_10","10/06/2019","034_2019",2019,3419034,1,1,880,NA,NA,32,2,0,NA,NA,"Malarone",0.005849621,10,25.21831652,38.73113114,1,"Increase","Malarone","84.14422035",830
133,"069_2019_08","08/06/2019","069_2019",2019,3419069,2,1,890,NA,NA,28,2,0,NA,NA,"Malarone",0.030281464,7,106.2342644,29.77788503,2,"Increase","Malarone","29.95017759",720
15,"058_2020_29","29/05/2020","058_2020",2020,3121058,2,1,840,NA,NA,27,2,0,NA,NA,"Malarone",0.083165194,6,146.2710291,23.12106062,0,"Stable","Malarone","-51.57870305",510
17,"063_2020_30","30/05/2020","063_2020",2020,3121063,1,1,735,NA,NA,34,2,1,NA,NA,"Malarone",0.038847674,7,120.2051291,24.48345077,0,"Stable","Malarone","64.82655207",560
26,"092_2020_06","06/06/2020","092_2020",2020,3121092,2,1,730,NA,NA,28,2,1,NA,NA,"Malarone",0.007044117,8,23.90376791,33.77882856,0,"Stable","Malarone","59.44586158",690
30,"122_2020_06","06/06/2020","122_2020",2020,3121122,1,1,860,NA,NA,29,2,0,40,NA,"Malarone",0.066480464,7,164.4474668,23.22238267,0,"Stable","Malarone","4.52910777",540
31,"136_2020_12","12/06/2020","136_2020",2020,3121136,1,1,790,NA,NA,32,2,1,NA,NA,"Malarone",0.015616476,12,77.729117,34.69453752,0,"Stable","Malarone","61.74283413",655
40,"229_2020_16","16/06/2020","229_2020",2020,3121229,1,1,670,NA,NA,30,2,1,NA,NA,"Malarone",0.006544219,7,4.369506125,28.8021981,0,"Stable","Malarone","-20.99253716",640
79,"508_2018_02","02/06/2018","508_2018",2018,3418508,1,1,680,NA,NA,29,2,0,NA,NA,"Malarone",0.046320983,6,-24.51506574,23.7352367,0,"Stable","Malarone","-60.19830266",515
148,"289_2020_23","23/05/2020","289_2020",2020,3419289,3,1,850,25,NA,42,2,1,NA,NA,"Malarone",0.013907016,9,144.947208,33.62849166,0,"Stable","Malarone",NA,775
6,"014_2020_30","30/05/2020","014_2020",2020,3121014,0,0,830,NA,NA,28,2,0,40,NA,"Malarone",0.058786775,7,113.3515002,24.47256351,-2,"Decrease","Malarone","41.18616684",550
8,"019_2020_31","31/05/2020","019_2020",2020,3121019,0,0,870,NA,NA,24,2,1,NA,NA,"Malarone",0.008455553,7,148.7323107,36.11018232,-2,"Decrease","Malarone","51.71926866",820
10,"028_2020_04","04/06/2020","028_2020",2020,3121028,3,1,710,NA,NA,28,2,1,38,NA,"Malarone",0.025279608,8,75.30781103,25.97631996,-1,"Decrease","Malarone","-42.16148651",580
11,"041_2020_13","13/06/2020","041_2020",2020,3121041,2,1,900,NA,NA,14,2,0,NA,NA,"Malarone",0.027027889,8,96.27639166,31.88889109,-1,"Decrease","Malarone","40.55086463",725
14,"054_2020_29","29/05/2020","054_2020",2020,3121054,0,0,870,NA,NA,31,2,0,NA,NA,"Malarone",0.035049235,6,88.99361198,29.50838869,-3,"Decrease","Malarone","9.447466794",705
26,"091_2020_06","06/06/2020","091_2020",2020,3121091,1,1,920,NA,NA,34,2,0,NA,NA,"Malarone",0.019042591,8,126.7628164,30.7433887,-2,"Decrease","Malarone","75.05645618",790
27,"096_2020_06","06/06/2020","096_2020",2020,3121096,1,1,770,NA,NA,32,2,1,NA,NA,"Malarone",0.007527357,8,95.99501498,29.69866497,-2,"Decrease","Malarone","68.09276198",725
28,"101_2020_06","06/06/2020","101_2020",2020,3121101,2,1,980,NA,NA,29,2,0,NA,NA,"Malarone",0.016327523,8,189.4399697,30.46400219,-2,"Decrease","Malarone","179.3408335",860
29,"109_2020_06","06/06/2020","109_2020",2020,3121109,2,1,790,NA,NA,27,2,1,40,NA,"Malarone",0.031301335,8,128.0423731,28.42837463,-1,"Decrease","Malarone","55.95911546",615
33,"142_2020_13","13/06/2020","142_2020",2020,3121142,2,1,665,NA,NA,18,2,1,41,NA,"Malarone",0.042175611,7,73.35134013,22.97907634,-2,"Decrease","Malarone","-37.43160663",495
35,"200_2020_26","26/06/2020","200_2020",2020,3121200,1,1,820,NA,NA,18,2,1,NA,NA,"Malarone",0.002637438,7,115.9948303,33.4788185,-3,"Decrease","Malarone","78.31138369",805
36,"208_2020_13","13/06/2020","208_2020",2020,3121208,1,1,675,NA,NA,23,2,1,NA,NA,"Malarone",0.025280765,6,20.54666079,27.69897951,-2,"Decrease","Malarone","10.21590191",580
37,"210_2020_13","13/06/2020","210_2020",2020,3121210,1,1,760,23,NA,16,2,1,NA,NA,"Malarone",0.033933159,6,76.74160972,30.765347,-1,"Decrease","Malarone","0.812061022",620
38,"212_2020_13","13/06/2020","212_2020",2020,3121212,1,1,740,NA,NA,32,2,1,NA,NA,"Malarone",0.004566496,6,41.29686602,32.74054362,-2,"Decrease","Malarone","78.55339384",720
39,"226_2020_16","16/06/2020","226_2020",2020,3121226,1,1,920,NA,NA,30,2,0,40,NA,"Malarone",0.009634469,7,106.1282983,33.07817244,-2,"Decrease","Malarone","126.7916972",860
79,"507_2018_02","02/06/2018","507_2018",2018,3418507,1,1,720,NA,NA,24,2,1,NA,NA,"Malarone",0.047947012,6,92.24141122,25.43155368,-2,"Decrease","Malarone","7.889822929",540
80,"509_2018_02","02/06/2018","509_2018",2018,3418509,1,1,740,NA,NA,30,2,1,NA,NA,"Malarone",0.016562079,6,79.27822128,28.30513045,-2,"Decrease","Malarone","88.2159599",670
95,"581_2018_03","03/06/2018","581_2018",2018,3418581,2,1,715,NA,NA,34,2,0,NA,NA,"Malarone",0.086590829,7,12.25712831,23.63179823,-1,"Decrease","Malarone","-66.84831425",390
112,"697_2018_22","22/06/2018","697_2018",2018,3418697,0,0,865,NA,NA,29,2,0,NA,NA,"Malarone",0.005814019,2,34.12071789,35.25852979,-1,"Decrease","Malarone","22.94036524",855
112,"698_2018_22","22/06/2018","698_2018",2018,3418698,0,0,545,NA,NA,37,2,1,NA,NA,"Malarone",0.004608328,2,-132.5135129,30.09337351,-3,"Decrease","Malarone","-123.1876593",540
115,"756_2019_25","25/05/2019","756_2019",2019,3418756,0,0,690,NA,NA,25,2,1,NA,NA,"Malarone",0.030386926,6,48.55339384,26.5352563,-3,"Decrease","Malarone","29.07778116",575
117,"791_2019_30","30/05/2019","791_2019",2019,3418791,2,1,745,NA,NA,24,2,1,NA,NA,"Malarone",0.011990015,8,35.79820979,34.23377838,-1,"Decrease","Malarone","101.6557354",820
117,"792_2019_30","30/05/2019","792_2019",2019,3418792,1,1,885,NA,NA,26,2,0,NA,NA,"Malarone",0.002136804,8,69.8825002,33.22982393,-2,"Decrease","Malarone","160.2274813",870
117,"793_2019_30","30/05/2019","793_2019",2019,3418793,2,1,800,24,NA,38,2,1,NA,NA,"Malarone",0.007578078,8,105.6173181,32.16223138,-1,"Decrease","Malarone","154.4474668",850
119,"817_2019_30","30/05/2019","817_2019",2019,3418817,2,1,960,NA,89,38,2,0,NA,NA,"Malarone",0.00512861,6,146.1282983,33.07817244,-1,"Decrease","Malarone","233.4800258",990
120,"834_2019_01","01/06/2019","834_2019",2019,3418834,3,1,815,NA,NA,29,2,0,NA,NA,"Malarone",0.005357771,7,40.99977269,28.84701244,-1,"Decrease","Malarone","110.1128049",785
122,"839_2019_02","02/06/2019","839_2019",2019,3418839,1,1,860,NA,NA,13,2,0,NA,NA,"Malarone",0.013948353,7,51.16142348,32.4781606,-2,"Decrease","Malarone","75.48493426",780
124,"883_2019_02","02/06/2019","883_2019",2019,3418883,0,0,760,NA,NA,36,2,0,NA,NA,"Malarone",0.019075913,7,-16.82144454,29.10944658,-2,"Decrease","Malarone","68.55521657",665
124,"886_2019_02","02/06/2019","886_2019",2019,3418886,2,1,580,NA,NA,23,2,0,NA,NA,"Malarone",0.051305862,7,-80.99253716,21.44863364,-2,"Decrease","Malarone",NA,405
126,"937_2019_08","08/06/2019","937_2019",2019,3418937,1,1,830,NA,NA,27,2,0,NA,NA,"Malarone",0.036025055,7,82.59845011,26.60949058,-2,"Decrease","Malarone","93.374688",645
126,"938_2019_08","08/06/2019","938_2019",2019,3418938,2,1,765,NA,NA,36,2,1,NA,NA,"Malarone",0.04203421,7,123.5533938,26.5352563,-1,"Decrease","Malarone","35.87142371",570
128,"031_2019_10","10/06/2019","031_2019",2019,3419031,0,0,840,29,NA,35,2,0,NA,NA,"Malarone",0.008701138,10,-18.05273839,39.2430009,-4,"Decrease","Malarone","7.544687219",770
128,"035_2019_10","10/06/2019","035_2019",2019,3419035,1,1,745,NA,NA,41,2,1,NA,NA,"Malarone",0.007669262,10,33.74814909,34.54031403,-2,"Decrease","Malarone","-5.552533206",690
129,"039_2019_07","07/06/2019","039_2019",2019,3419039,1,1,825,NA,NA,47,2,1,NA,NA,"Malarone",0.034347343,10,149.8202651,29.82952995,-2,"Decrease","Malarone","-60.97952238",610
132,"064_2019_08","08/06/2019","064_2019",2019,3419064,0,0,900,NA,NA,32,2,0,NA,NA,"Malarone",0.042159579,7,157.258737,26.25757587,-3,"Decrease","Malarone","61.9258053",670
133,"068_2019_08","08/06/2019","068_2019",2019,3419068,0,0,870,NA,NA,33,2,0,NA,NA,"Malarone",0.027034571,7,95.99977269,28.84701244,-3,"Decrease","Malarone","45.11280485",720
133,"070_2019_08","08/06/2019","070_2019",2019,3419070,0,0,720,NA,NA,27,2,1,NA,NA,"Malarone",0.03337355,7,58.04237312,28.42837463,-2,"Decrease","Malarone","-82.76818341",570
133,"071_2019_08","08/06/2019","071_2019",2019,3419071,2,1,740,NA,NA,31,2,1,NA,NA,"Malarone",0.047681883,7,101.2342522,26.30992321,-1,"Decrease","Malarone","-6.131508699",530
138,"183_2019_13","13/06/2019","183_2019",2019,3419183,2,1,810,NA,NA,31,2,0,NA,NA,"Malarone",0.023229562,8,43.16554069,28.20319993,-1,"Decrease","Malarone","14.44746679",710
140,"237_2019_21","21/06/2019","237_2019",2019,3419237,0,0,940,NA,NA,19,2,0,NA,NA,"Malarone",0.036119334,7,148.098545,30.60334352,-2,"Decrease","Malarone","55.11280485",730
144,"280_2020_23","23/05/2020","280_2020",2020,3419280,2,1,670,NA,80,19,2,0,40,NA,"Malarone",0.047641658,7,-30.96063682,23.52880395,-2,"Decrease","Malarone",NA,480
9,"020_2020_31","31/05/2020","020_2020",2020,3121020,1,1,890,NA,NA,20,2,0,NA,NA,NA,0.049357378,7,153.5818366,25.79716979,1,"Increase",NA,"39.20030438",630
9,"021_2020_31","31/05/2020","021_2020",2020,3121021,3,1,675,NA,NA,25,2,0,NA,NA,NA,0.097966725,7,52.83851349,19.72932981,NA,NA,NA,"-63.93800388",340
